,1 Year Return,Action Code,BARR,Date,Firm Name,Period,Rating,Recommendation,Target Price
0,-0.000000,M,-2147483648,2013-07-29,CRT Capital Group,12 month,1,sell,34.000000
1,-0.000000,N,-2147483648,2013-07-22,Leerink Partners LLC,12 month,3,market perform,43.000000
2,-0.000000,M,-2147483648,2013-07-19,BMO Capital Markets,Not Provided,3,market perform,45.000000
3,-0.000000,N,-2147483648,2013-07-16,UBS,12 month,3,neutral,43.000000
4,-0.000000,N,-2147483648,2013-07-11,WhiteSand Research LLC,12 month,4,undervalued,45.080000
5,-0.000000,N,-2147483648,2013-07-08,Barclays,Not Provided,3,equalweight,45.000000
6,-0.000000,M,-2147483648,2013-08-28,BMO Capital Markets,Not Provided,3,market perform,45.000000
7,-0.000000,M,-2147483648,2013-08-26,Leerink Partners LLC,12 month,3,market perform,42.000000
8,-0.000000,M,-2147483648,2013-08-22,CRT Capital Group,Not Provided,1,sell,34.000000
9,-0.000000,D,-2147483648,2013-08-22,EVA Dimensions,Not Provided,3,hold,-0.000000
10,-0.000000,M,-2147483648,2013-08-12,Barclays,Not Provided,3,equalweight,45.000000
11,-0.000000,N,-2147483648,2013-07-16,UBS,12 month,3,neutral,43.000000
12,-0.000000,N,-2147483648,2013-07-11,WhiteSand Research LLC,12 month,4,undervalued,45.080000
13,-0.000000,M,-2147483648,2013-09-30,Barclays,Not Provided,3,equalweight,45.000000
14,-0.000000,M,-2147483648,2013-09-17,Goldman Sachs,12 month,3,neutral/attractive,45.000000
15,-0.000000,M,-2147483648,2013-09-09,CRT Capital Group,Not Provided,1,sell,34.000000
16,-0.000000,M,-2147483648,2013-09-05,BMO Capital Markets,Not Provided,3,market perform,45.000000
17,-0.000000,M,-2147483648,2013-08-26,Leerink Partners LLC,12 month,3,market perform,42.000000
18,-0.000000,D,-2147483648,2013-08-22,EVA Dimensions,Not Provided,3,hold,-0.000000
19,-0.000000,N,-2147483648,2013-07-16,UBS,12 month,3,neutral,43.000000
20,-0.000000,N,-2147483648,2013-07-11,WhiteSand Research LLC,12 month,4,undervalued,45.080000
21,-0.000000,M,-2147483648,2013-10-30,Leerink Partners LLC,12 month,3,market perform,43.000000
22,-0.000000,M,-2147483648,2013-10-28,BMO Capital Markets,Not Provided,3,market perform,45.000000
23,-0.000000,M,-2147483648,2013-10-28,CRT Capital Group,Not Provided,1,sell,34.000000
24,-0.000000,M,-2147483648,2013-10-25,Barclays,Not Provided,3,equalweight,45.000000
25,-0.000000,M,-2147483648,2013-09-17,Goldman Sachs,12 month,3,neutral/attractive,45.000000
26,-0.000000,D,-2147483648,2013-08-22,EVA Dimensions,Not Provided,3,hold,-0.000000
27,-0.000000,N,-2147483648,2013-07-16,UBS,12 month,3,neutral,43.000000
28,-0.000000,N,-2147483648,2013-07-11,WhiteSand Research LLC,12 month,4,undervalued,45.080000
29,-0.000000,N,-2147483648,2013-11-26,Jefferies,12 month,5,buy,60.000000
30,-0.000000,M,-2147483648,2013-11-26,CRT Capital Group,Not Provided,1,sell,34.000000
31,-0.000000,M,-2147483648,2013-11-25,BMO Capital Markets,Not Provided,3,market perform,46.000000
32,-0.000000,M,-2147483648,2013-11-15,Barclays,Not Provided,3,equalweight,45.000000
33,-0.000000,M,-2147483648,2013-11-14,Leerink Partners LLC,12 month,3,market perform,43.000000
34,-0.000000,M,-2147483648,2013-09-17,Goldman Sachs,12 month,3,neutral/attractive,45.000000
35,-0.000000,D,-2147483648,2013-08-22,EVA Dimensions,Not Provided,3,hold,-0.000000
36,-0.000000,N,-2147483648,2013-07-16,UBS,12 month,3,neutral,43.000000
37,-0.000000,N,-2147483648,2013-07-11,WhiteSand Research LLC,12 month,4,undervalued,45.080000
38,-0.000000,M,-2147483648,2013-12-30,Buckingham Research Group,12 month,5,buy,63.000000
39,-0.000000,M,-2147483648,2013-12-03,BMO Capital Markets,Not Provided,3,market perform,46.000000
40,-0.000000,N,-2147483648,2013-11-26,Jefferies,12 month,5,buy,60.000000
41,-0.000000,M,-2147483648,2013-11-26,CRT Capital Group,Not Provided,1,sell,34.000000
42,-0.000000,M,-2147483648,2013-11-15,Barclays,Not Provided,3,equalweight,45.000000
43,-0.000000,M,-2147483648,2013-11-14,Leerink Partners LLC,12 month,3,market perform,43.000000
44,-0.000000,M,-2147483648,2013-09-17,Goldman Sachs,12 month,3,neutral/attractive,45.000000
45,-0.000000,D,-2147483648,2013-08-22,EVA Dimensions,Not Provided,3,hold,-0.000000
46,-0.000000,N,-2147483648,2013-07-16,UBS,12 month,3,neutral,43.000000
47,-0.000000,M,-2147483648,2014-01-30,Buckingham Research Group,12 month,5,buy,67.000000
48,-0.000000,M,-2147483648,2014-01-29,Morgan Stanley,12 month,5,Overwt/In-Line,60.000000
49,-0.000000,D,-2147483648,2014-01-27,UBS,12 month,1,sell,43.000000
50,-0.000000,M,-2147483648,2014-01-21,Goldman Sachs,12 month,3,neutral/attractive,51.000000
51,-0.000000,M,-2147483648,2014-01-17,BMO Capital Markets,Not Provided,3,market perform,46.000000
52,-0.000000,M,-2147483648,2014-01-17,Jefferies,12 month,5,buy,60.000000
53,-0.000000,M,-2147483648,2014-01-17,Piper Jaffray,12 month,5,overweight,64.000000
54,-0.000000,M,-2147483648,2014-01-08,Leerink Partners LLC,12 month,3,market perform,49.000000
55,-0.000000,M,-2147483648,2013-11-26,CRT Capital Group,Not Provided,1,sell,34.000000
56,-0.000000,M,-2147483648,2013-11-15,Barclays,Not Provided,3,equalweight,45.000000
57,-0.000000,D,-2147483648,2013-08-22,EVA Dimensions,Not Provided,3,hold,-0.000000
58,-0.000000,M,-2147483648,2014-02-26,BMO Capital Markets,Not Provided,3,market perform,70.000000
59,-0.000000,M,-2147483648,2014-02-26,Buckingham Research Group,12 month,5,buy,78.000000
60,-0.000000,M,-2147483648,2014-02-19,Leerink Partners LLC,12 month,3,market perform,49.000000
61,-0.000000,U,-2147483648,2014-02-17,EVA Dimensions,Not Provided,5,overweight,-0.000000
62,-0.000000,D,-2147483648,2014-02-12,Morgan Stanley,Not Provided,3,Equalwt/In-Line,-0.000000
63,-0.000000,M,-2147483648,2014-02-12,Goldman Sachs,12 month,3,neutral/attractive,59.000000
64,-0.000000,M,-2147483648,2014-02-12,Jefferies,12 month,5,buy,66.000000
65,-0.000000,M,-2147483648,2014-02-12,CRT Capital Group,Not Provided,1,sell,39.000000
66,-0.000000,M,-2147483648,2014-02-12,Barclays,Not Provided,3,equalweight,49.000000
67,-0.000000,M,-2147483648,2014-02-11,Piper Jaffray,12 month,5,overweight,87.000000
68,-0.000000,D,-2147483648,2014-01-27,UBS,12 month,1,sell,43.000000
69,-0.000000,M,-2147483648,2014-04-01,EVA Dimensions,Not Provided,5,overweight,-0.000000
70,-0.000000,M,-2147483648,2014-03-27,Buckingham Research Group,12 month,5,buy,78.000000
71,-0.000000,M,-2147483648,2014-03-19,Piper Jaffray,12 month,5,overweight,87.000000
72,-0.000000,M,-2147483648,2014-03-18,Leerink Partners LLC,12 month,3,market perform,64.000000
73,-0.000000,N,-2147483648,2014-03-14,J.P. Morgan,6 month,3,neutral,73.000000
74,-0.000000,M,-2147483648,2014-03-14,Jefferies,12 month,5,buy,77.000000
75,-0.000000,M,-2147483648,2014-03-13,CRT Capital Group,12 month,1,sell,39.000000
76,-0.000000,M,-2147483648,2014-03-12,BMO Capital Markets,Not Provided,3,market perform,70.000000
77,-0.000000,M,-2147483648,2014-03-12,Morgan Stanley,Not Provided,3,Equalwt/In-Line,-0.000000
78,-0.000000,M,-2147483648,2014-02-12,Goldman Sachs,12 month,3,neutral/attractive,59.000000
79,-0.000000,M,-2147483648,2014-02-12,Barclays,Not Provided,3,equalweight,49.000000
80,-0.000000,D,-2147483648,2014-01-27,UBS,12 month,1,sell,43.000000
81,-0.000000,M,-2147483648,2014-04-30,EVA Dimensions,Not Provided,5,overweight,-0.000000
82,-0.000000,M,-2147483648,2014-04-28,Buckingham Research Group,Not Provided,5,buy,83.000000
83,-0.000000,M,-2147483648,2014-04-27,BMO Capital Markets,Not Provided,5,outperform,71.000000
84,-0.000000,M,-2147483648,2014-04-27,Goldman Sachs,12 month,3,neutral/attractive,67.000000
85,-0.000000,M,-2147483648,2014-04-25,CRT Capital Group,12 month,3,Fairly Valued,70.000000
86,-0.000000,M,-2147483648,2014-04-21,Piper Jaffray,12 month,5,overweight,90.000000
87,-0.000000,M,-2147483648,2014-04-20,Leerink Partners LLC,12 month,3,market perform,68.000000
88,-0.000000,M,-2147483648,2014-04-16,Morgan Stanley,Not Provided,3,Equalwt/In-Line,-0.000000
89,-0.000000,M,-2147483648,2014-04-09,"Morningstar, Inc",Not Provided,3,hold,-0.000000
90,-0.000000,U,-2147483648,2014-04-08,UBS,12 month,5,buy,84.000000
91,-0.000000,M,-2147483648,2014-04-08,Jefferies,12 month,5,buy,77.000000
92,-0.000000,M,-2147483648,2014-04-07,Barclays,Not Provided,-2147483648,suspended coverage,-0.000000
93,-0.000000,N,-2147483648,2014-03-14,J.P. Morgan,6 month,3,neutral,73.000000
94,-0.000000,M,-2147483648,2014-05-30,BMO Capital Markets,Not Provided,5,outperform,88.000000
95,-0.000000,M,-2147483648,2014-05-30,Buckingham Research Group,12 month,5,buy,99.000000
96,-0.000000,M,-2147483648,2014-05-28,Jefferies,12 month,5,buy,85.000000
97,-0.000000,M,-2147483648,2014-05-20,Leerink Partners LLC,12 month,3,market perform,82.000000
98,-0.000000,M,-2147483648,2014-05-19,UBS,12 month,5,buy,94.000000
99,-0.000000,M,-2147483648,2014-05-19,J.P. Morgan,3 month,3,neutral,85.000000
100,-0.000000,M,-2147483648,2014-05-18,Piper Jaffray,12 month,5,overweight,90.000000
101,-0.000000,M,-2147483648,2014-05-12,Morgan Stanley,Not Provided,3,Equalwt/In-Line,-0.000000
102,-0.000000,M,-2147483648,2014-05-09,Goldman Sachs,12 month,3,neutral/attractive,73.000000
103,-0.000000,M,-2147483648,2014-05-09,CRT Capital Group,12 month,3,Fairly Valued,70.000000
104,-0.000000,D,-2147483648,2014-05-09,EVA Dimensions,Not Provided,3,hold,-0.000000
105,-0.000000,D,-2147483648,2014-05-08,"Morningstar, Inc",Not Provided,1,sell,-0.000000
106,-0.000000,M,-2147483648,2014-04-07,Barclays,Not Provided,-2147483648,suspended coverage,-0.000000
107,-0.000000,M,-2147483648,2014-06-30,Leerink Partners LLC,12 month,3,market perform,82.000000
108,-0.000000,M,-2147483648,2014-06-23,Buckingham Research Group,12 month,5,buy,99.000000
109,-0.000000,M,-2147483648,2014-06-16,CRT Capital Group,Not Provided,3,Fairly Valued,70.000000
110,-0.000000,M,-2147483648,2014-06-10,Jefferies,12 month,5,buy,85.000000
111,-0.000000,M,-2147483648,2014-06-06,Piper Jaffray,12 month,5,overweight,90.000000
112,-0.000000,M,-2147483648,2014-05-30,BMO Capital Markets,Not Provided,5,outperform,88.000000
113,-0.000000,M,-2147483648,2014-05-19,UBS,12 month,5,buy,94.000000
114,-0.000000,M,-2147483648,2014-05-19,J.P. Morgan,3 month,3,neutral,85.000000
115,-0.000000,M,-2147483648,2014-05-12,Morgan Stanley,Not Provided,3,Equalwt/In-Line,-0.000000
116,-0.000000,M,-2147483648,2014-05-09,Goldman Sachs,12 month,3,neutral/attractive,73.000000
117,-0.000000,D,-2147483648,2014-05-09,EVA Dimensions,Not Provided,3,hold,-0.000000
118,-0.000000,D,-2147483648,2014-05-08,"Morningstar, Inc",Not Provided,1,sell,-0.000000
119,-0.000000,M,-2147483648,2014-04-07,Barclays,Not Provided,-2147483648,suspended coverage,-0.000000
120,-0.000000,M,-2147483648,2014-08-01,Leerink Partners LLC,12 month,3,market perform,82.000000
121,-0.000000,U,-2147483648,2014-07-29,"Morningstar, Inc",Not Provided,3,hold,-0.000000
122,-0.000000,M,-2147483648,2014-07-28,Buckingham Research Group,12 month,5,buy,107.000000
123,-0.000000,M,-2147483648,2014-07-28,CRT Capital Group,Not Provided,3,Fairly Valued,70.000000
124,-0.000000,M,-2147483648,2014-07-27,Goldman Sachs,12 month,3,neutral/attractive,76.000000
125,-0.000000,M,-2147483648,2014-07-27,Piper Jaffray,12 month,5,overweight,90.000000
126,-0.000000,M,-2147483648,2014-07-24,Jefferies,12 month,5,buy,95.000000
127,-0.000000,M,-2147483648,2014-07-17,Oppenheimer & Co,12 month,5,outperform,104.000000
128,-0.000000,M,-2147483648,2014-07-07,Morgan Stanley,Not Provided,3,Equalwt/In-Line,-0.000000
129,-0.000000,M,-2147483648,2014-05-30,BMO Capital Markets,Not Provided,5,outperform,88.000000
130,-0.000000,M,-2147483648,2014-05-19,UBS,12 month,5,buy,94.000000
131,-0.000000,M,-2147483648,2014-05-19,J.P. Morgan,3 month,3,neutral,85.000000
132,-0.000000,D,-2147483648,2014-05-09,EVA Dimensions,Not Provided,3,hold,-0.000000
133,-0.000000,M,-2147483648,2014-04-07,Barclays,Not Provided,-2147483648,suspended coverage,-0.000000
134,-0.000000,D,-2147483648,2014-08-29,"Morningstar, Inc",Not Provided,1,sell,-0.000000
135,-0.000000,M,-2147483648,2014-08-26,Leerink Partners LLC,12 month,3,market perform,90.000000
136,-0.000000,M,-2147483648,2014-08-25,Buckingham Research Group,12 month,5,buy,107.000000
137,-0.000000,M,-2147483648,2014-08-25,CRT Capital Group,12 month,3,Fairly Valued,70.000000
138,-0.000000,M,-2147483648,2014-08-21,BMO Capital Markets,Not Provided,5,outperform,88.000000
139,-0.000000,M,-2147483648,2014-08-13,Jefferies,12 month,5,buy,95.000000
140,-0.000000,M,-2147483648,2014-08-08,Goldman Sachs,12 month,3,neutral/attractive,78.000000
141,-0.000000,M,-2147483648,2014-08-07,Morgan Stanley,Not Provided,3,Equalwt/In-Line,-0.000000
142,-0.000000,M,-2147483648,2014-08-07,J.P. Morgan,3 month,3,neutral,85.000000
143,-0.000000,M,-2147483648,2014-08-07,Oppenheimer & Co,12 month,5,outperform,104.000000
144,-0.000000,M,-2147483648,2014-08-07,Piper Jaffray,12 month,5,overweight,105.000000
145,-0.000000,M,-2147483648,2014-05-19,UBS,12 month,5,buy,94.000000
146,-0.000000,D,-2147483648,2014-05-09,EVA Dimensions,Not Provided,3,hold,-0.000000
147,-0.000000,M,-2147483648,2014-04-07,Barclays,Not Provided,-2147483648,suspended coverage,-0.000000
148,-0.000000,M,-2147483648,2014-10-01,Buckingham Research Group,12 month,5,buy,115.000000
149,-0.000000,M,-2147483648,2014-09-30,J.P. Morgan,12 month,3,neutral,95.000000
150,-0.000000,M,-2147483648,2014-09-30,Leerink Partners LLC,12 month,3,market perform,99.000000
151,-0.000000,M,-2147483648,2014-09-29,Piper Jaffray,12 month,5,overweight,105.000000
152,-0.000000,M,-2147483648,2014-09-23,CRT Capital Group,12 month,3,Fairly Valued,70.000000
153,-0.000000,U,-2147483648,2014-09-22,Barclays,Not Provided,5,overweight,105.000000
154,-0.000000,M,-2147483648,2014-09-14,BMO Capital Markets,Not Provided,5,outperform,88.000000
155,-0.000000,M,-2147483648,2014-09-12,Goldman Sachs,12 month,3,neutral/attractive,80.000000
156,-0.000000,M,-2147483648,2014-09-12,"Morningstar, Inc",Not Provided,1,sell,-0.000000
157,-0.000000,M,-2147483648,2014-08-13,Jefferies,12 month,5,buy,95.000000
158,-0.000000,M,-2147483648,2014-08-07,Morgan Stanley,Not Provided,3,Equalwt/In-Line,-0.000000
159,-0.000000,M,-2147483648,2014-08-07,Oppenheimer & Co,12 month,5,outperform,104.000000
160,-0.000000,M,-2147483648,2014-05-19,UBS,12 month,5,buy,94.000000
161,-0.000000,D,-2147483648,2014-05-09,EVA Dimensions,Not Provided,3,hold,-0.000000
162,-0.000000,M,-2147483648,2014-10-29,Leerink Partners LLC,12 month,3,market perform,97.000000
163,-0.000000,M,-2147483648,2014-10-26,Piper Jaffray,Not Provided,5,overweight,109.000000
164,-0.000000,M,-2147483648,2014-10-23,CRT Capital Group,Not Provided,3,Fairly Valued,84.000000
165,-0.000000,N,-2147483648,2014-10-22,Guggenheim Securities,12 month,5,buy,115.000000
166,-0.000000,M,-2147483648,2014-10-15,Morgan Stanley,12 month,3,Equalwt/In-Line,97.000000
167,-0.000000,M,-2147483648,2014-10-15,Goldman Sachs,12 month,3,neutral/attractive,85.000000
168,-0.000000,M,-2147483648,2014-10-15,UBS,12 month,5,buy,107.000000
169,-0.000000,M,-2147483648,2014-10-15,Jefferies,12 month,5,buy,110.000000
170,-0.000000,M,-2147483648,2014-10-15,Barclays,Not Provided,5,overweight,105.000000
171,-0.000000,M,-2147483648,2014-10-14,BMO Capital Markets,Not Provided,5,outperform,95.000000
172,-0.000000,M,-2147483648,2014-10-14,J.P. Morgan,12 month,3,neutral,95.000000
173,-0.000000,M,-2147483648,2014-10-14,Oppenheimer & Co,18 month,5,outperform,111.000000
174,-0.000000,M,-2147483648,2014-09-12,"Morningstar, Inc",Not Provided,1,sell,-0.000000
175,-0.000000,D,-2147483648,2014-05-09,EVA Dimensions,Not Provided,3,hold,-0.000000
176,-0.000000,M,-2147483648,2014-12-01,Morgan Stanley,12 month,3,Equalwt/In-Line,97.000000
177,-0.000000,D,-2147483648,2014-11-28,EVA Dimensions,Not Provided,1,underweight,-0.000000
178,-0.000000,M,-2147483648,2014-11-26,Jefferies,12 month,5,buy,110.000000
179,-0.000000,M,-2147483648,2014-11-25,BMO Capital Markets,Not Provided,5,outperform,95.000000
180,-0.000000,M,-2147483648,2014-11-24,Oppenheimer & Co,12 month,5,outperform,111.000000
181,-0.000000,M,-2147483648,2014-11-24,Guggenheim Securities,12 month,5,buy,115.000000
182,-0.000000,M,-2147483648,2014-11-20,CRT Capital Group,12 month,3,Fairly Valued,84.000000
183,-0.000000,M,-2147483648,2014-11-20,"Morningstar, Inc",Not Provided,3,hold,-0.000000
184,-0.000000,M,-2147483648,2014-11-20,Barclays,Not Provided,5,overweight,105.000000
185,-0.000000,M,-2147483648,2014-11-19,J.P. Morgan,18 month,3,neutral,95.000000
186,-0.000000,M,-2147483648,2014-11-19,Leerink Partners LLC,12 month,3,market perform,93.000000
187,-0.000000,M,-2147483648,2014-11-19,Piper Jaffray,12 month,5,overweight,114.000000
188,-0.000000,M,-2147483648,2014-10-15,Goldman Sachs,12 month,3,neutral/attractive,85.000000
189,-0.000000,M,-2147483648,2014-10-15,UBS,12 month,5,buy,107.000000
190,-0.000000,M,-2147483648,2014-12-29,CRT Capital Group,12 month,3,Fairly Valued,84.000000
191,-0.000000,M,-2147483648,2014-12-22,Jefferies,12 month,5,buy,115.000000
192,-0.000000,M,-2147483648,2014-12-22,Piper Jaffray,12 month,5,overweight,114.000000
193,-0.000000,M,-2147483648,2014-12-18,Guggenheim Securities,12 month,5,buy,115.000000
194,-0.000000,M,-2147483648,2014-12-17,Leerink Partners LLC,12 month,3,market perform,93.000000
195,-0.000000,M,-2147483648,2014-12-01,Morgan Stanley,12 month,3,Equalwt/In-Line,97.000000
196,-0.000000,D,-2147483648,2014-11-28,EVA Dimensions,Not Provided,1,underweight,-0.000000
197,-0.000000,M,-2147483648,2014-11-25,BMO Capital Markets,Not Provided,5,outperform,95.000000
198,-0.000000,M,-2147483648,2014-11-24,Oppenheimer & Co,12 month,5,outperform,111.000000
199,-0.000000,M,-2147483648,2014-11-20,"Morningstar, Inc",Not Provided,3,hold,-0.000000
200,-0.000000,M,-2147483648,2014-11-20,Barclays,Not Provided,5,overweight,105.000000
201,-0.000000,M,-2147483648,2014-11-19,J.P. Morgan,18 month,3,neutral,95.000000
202,-0.000000,M,-2147483648,2014-10-15,Goldman Sachs,12 month,3,neutral/attractive,85.000000
203,-0.000000,M,-2147483648,2014-10-15,UBS,12 month,5,buy,107.000000
204,-0.000000,M,-2147483648,2015-01-30,CRT Capital Group,12 month,3,Fairly Valued,97.000000
205,-0.000000,M,-2147483648,2015-01-23,BMO Capital Markets,Not Provided,3,market perform,95.000000
206,-0.000000,M,-2147483648,2015-01-23,Barclays,Not Provided,5,overweight,105.000000
207,-0.000000,M,-2147483648,2015-01-22,Leerink Partners LLC,12 month,3,market perform,110.000000
208,-0.000000,M,-2147483648,2015-01-14,Guggenheim Securities,12 month,5,buy,115.000000
209,-0.000000,M,-2147483648,2014-12-22,Jefferies,12 month,5,buy,115.000000
210,-0.000000,M,-2147483648,2014-12-22,Piper Jaffray,12 month,5,overweight,114.000000
211,-0.000000,M,-2147483648,2014-12-01,Morgan Stanley,12 month,3,Equalwt/In-Line,97.000000
212,-0.000000,D,-2147483648,2014-11-28,EVA Dimensions,Not Provided,1,underweight,-0.000000
213,-0.000000,M,-2147483648,2014-11-24,Oppenheimer & Co,12 month,5,outperform,111.000000
214,-0.000000,M,-2147483648,2014-11-20,"Morningstar, Inc",Not Provided,3,hold,-0.000000
215,-0.000000,M,-2147483648,2014-11-19,J.P. Morgan,18 month,3,neutral,95.000000
216,-0.000000,M,-2147483648,2014-10-15,Goldman Sachs,12 month,3,neutral/attractive,85.000000
217,-0.000000,M,-2147483648,2014-10-15,UBS,12 month,5,buy,107.000000
218,-0.000000,M,-2147483648,2015-02-19,Morgan Stanley,12 month,3,Equalwt/In-Line,106.000000
219,-0.000000,M,-2147483648,2015-02-17,Guggenheim Securities,12 month,5,buy,123.000000
220,-0.000000,U,-2147483648,2015-02-13,J.P. Morgan,12 month,5,overweight,130.000000
221,-0.000000,D,-2147483648,2015-02-12,"Morningstar, Inc",Not Provided,1,sell,-0.000000
222,-0.000000,M,-2147483648,2015-02-11,BMO Capital Markets,Not Provided,3,market perform,102.000000
223,-0.000000,M,-2147483648,2015-02-04,Goldman Sachs,12 month,3,neutral/attractive,101.000000
224,-0.000000,M,-2147483648,2015-02-04,Jefferies,12 month,5,buy,120.000000
225,-0.000000,M,-2147483648,2015-02-04,CRT Capital Group,12 month,3,Fairly Valued,100.000000
226,-0.000000,M,-2147483648,2015-02-04,Barclays,Not Provided,5,overweight,115.000000
227,-0.000000,M,-2147483648,2015-02-03,UBS,12 month,5,buy,120.000000
228,-0.000000,M,-2147483648,2015-02-03,Leerink Partners LLC,12 month,3,market perform,115.000000
229,-0.000000,M,-2147483648,2015-02-03,Oppenheimer & Co,12 month,5,outperform,122.000000
230,-0.000000,M,-2147483648,2015-02-03,Piper Jaffray,12 month,5,overweight,114.000000
231,-0.000000,D,-2147483648,2014-11-28,EVA Dimensions,Not Provided,1,underweight,-0.000000
232,-0.000000,M,-2147483648,2015-03-31,CRT Capital Group,12 month,3,Fairly Valued,110.000000
233,-0.000000,M,-2147483648,2015-03-31,Guggenheim Securities,Not Provided,5,buy,140.000000
234,-0.000000,M,-2147483648,2015-03-26,Leerink Partners LLC,12 month,3,market perform,141.000000
235,-0.000000,M,-2147483648,2015-03-23,BMO Capital Markets,Not Provided,3,market perform,109.000000
236,-0.000000,M,-2147483648,2015-03-18,Morgan Stanley,12 month,3,Equalwt/In-Line,127.000000
237,-0.000000,M,-2147483648,2015-03-16,Barclays,Not Provided,5,overweight,150.000000
238,-0.000000,M,-2147483648,2015-03-11,"Morningstar, Inc",Not Provided,1,sell,-0.000000
239,-0.000000,M,-2147483648,2015-03-09,Jefferies,12 month,5,buy,140.000000
240,-0.000000,M,-2147483648,2015-03-06,UBS,12 month,5,buy,141.000000
241,-0.000000,M,-2147483648,2015-03-06,J.P. Morgan,9 month,5,overweight,140.000000
242,-0.000000,M,-2147483648,2015-03-06,Piper Jaffray,12 month,5,overweight,150.000000
243,-0.000000,M,-2147483648,2015-03-05,Goldman Sachs,Not Provided,-2147483648,not rated,-0.000000
244,-0.000000,M,-2147483648,2015-03-05,Oppenheimer & Co,12 month,5,outperform,140.000000
245,-0.000000,D,-2147483648,2014-11-28,EVA Dimensions,Not Provided,1,underweight,-0.000000
246,-0.000000,M,-2147483648,2015-05-01,BMO Capital Markets,Not Provided,3,market perform,109.000000
247,-0.000000,M,-2147483648,2015-04-30,Oppenheimer & Co,12 month,5,outperform,140.000000
248,-0.000000,M,-2147483648,2015-04-29,Guggenheim Securities,12 month,5,buy,140.000000
249,-0.000000,M,-2147483648,2015-04-28,Jefferies,12 month,5,buy,140.000000
250,-0.000000,M,-2147483648,2015-04-27,Goldman Sachs,12 month,3,neutral/attractive,131.000000
251,-0.000000,M,-2147483648,2015-04-26,Piper Jaffray,12 month,5,overweight,150.000000
252,-0.000000,M,-2147483648,2015-04-24,Barclays,Not Provided,5,overweight,150.000000
253,-0.000000,M,-2147483648,2015-04-08,Leerink Partners LLC,12 month,3,market perform,141.000000
254,-0.000000,M,-2147483648,2015-03-18,Morgan Stanley,12 month,3,Equalwt/In-Line,127.000000
255,-0.000000,M,-2147483648,2015-03-11,"Morningstar, Inc",Not Provided,1,sell,-0.000000
256,-0.000000,M,-2147483648,2015-03-06,UBS,12 month,5,buy,141.000000
257,-0.000000,M,-2147483648,2015-03-06,J.P. Morgan,9 month,5,overweight,140.000000
258,-0.000000,D,-2147483648,2014-11-28,EVA Dimensions,Not Provided,1,underweight,-0.000000
259,-0.000000,M,-2147483648,2015-05-22,BMO Capital Markets,Not Provided,3,market perform,120.000000
260,-0.000000,M,-2147483648,2015-05-14,Guggenheim Securities,12 month,5,buy,140.000000
261,-0.000000,M,-2147483648,2015-05-08,Barclays,Not Provided,5,overweight,150.000000
262,-0.000000,M,-2147483648,2015-05-08,EVA Dimensions,Not Provided,1,underweight,-0.000000
263,-0.000000,M,-2147483648,2015-05-07,Morgan Stanley,12 month,3,Equalwt/In-Line,127.000000
264,-0.000000,M,-2147483648,2015-05-06,Jefferies,12 month,5,buy,145.000000
265,-0.000000,M,-2147483648,2015-05-06,"Morningstar, Inc",Not Provided,1,sell,-0.000000
266,-0.000000,M,-2147483648,2015-05-05,J.P. Morgan,9 month,5,overweight,140.000000
267,-0.000000,M,-2147483648,2015-05-05,Leerink Partners LLC,12 month,3,market perform,133.000000
268,-0.000000,M,-2147483648,2015-05-05,Oppenheimer & Co,12 month,5,outperform,140.000000
269,-0.000000,M,-2147483648,2015-05-05,Piper Jaffray,12 month,5,overweight,150.000000
270,-0.000000,M,-2147483648,2015-04-27,Goldman Sachs,12 month,3,neutral/attractive,131.000000
271,-0.000000,M,-2147483648,2015-03-06,UBS,12 month,5,buy,141.000000
272,-0.000000,M,-2147483648,2015-07-01,BMO Capital Markets,Not Provided,3,market perform,120.000000
273,-0.000000,M,-2147483648,2015-06-30,Jefferies,12 month,5,buy,145.000000
274,-0.000000,M,-2147483648,2015-06-29,Guggenheim Securities,12 month,5,buy,140.000000
275,-0.000000,M,-2147483648,2015-06-24,Barclays,Not Provided,5,overweight,150.000000
276,-0.000000,M,-2147483648,2015-05-08,EVA Dimensions,Not Provided,1,underweight,-0.000000
277,-0.000000,M,-2147483648,2015-05-07,Morgan Stanley,12 month,3,Equalwt/In-Line,127.000000
278,-0.000000,M,-2147483648,2015-05-06,"Morningstar, Inc",Not Provided,1,sell,-0.000000
279,-0.000000,M,-2147483648,2015-05-05,J.P. Morgan,9 month,5,overweight,140.000000
280,-0.000000,M,-2147483648,2015-05-05,Leerink Partners LLC,12 month,3,market perform,133.000000
281,-0.000000,M,-2147483648,2015-05-05,Oppenheimer & Co,12 month,5,outperform,140.000000
282,-0.000000,M,-2147483648,2015-05-05,Piper Jaffray,12 month,5,overweight,150.000000
283,-0.000000,M,-2147483648,2015-04-27,Goldman Sachs,12 month,3,neutral/attractive,131.000000
284,-0.000000,M,-2147483648,2015-03-06,UBS,12 month,5,buy,141.000000
285,-0.000000,M,-2147483648,2015-07-31,Oppenheimer & Co,12 month,5,outperform,140.000000
286,-0.000000,M,-2147483648,2015-07-30,Morgan Stanley,12 month,3,Equalwt/In-Line,127.000000
287,-0.000000,M,-2147483648,2015-07-29,BMO Capital Markets,Not Provided,3,market perform,120.000000
288,-0.000000,M,-2147483648,2015-07-28,J.P. Morgan,6 month,5,overweight,140.000000
289,-0.000000,M,-2147483648,2015-07-28,Jefferies,12 month,5,buy,145.000000
290,-0.000000,M,-2147483648,2015-07-22,Barclays,Not Provided,5,overweight,150.000000
291,-0.000000,M,-2147483648,2015-07-20,Piper Jaffray,Not Provided,5,overweight,150.000000
292,-0.000000,M,-2147483648,2015-06-29,Guggenheim Securities,12 month,5,buy,140.000000
293,-0.000000,M,-2147483648,2015-05-08,EVA Dimensions,Not Provided,1,underweight,-0.000000
294,-0.000000,M,-2147483648,2015-05-06,"Morningstar, Inc",Not Provided,1,sell,-0.000000
295,-0.000000,M,-2147483648,2015-05-05,Leerink Partners LLC,12 month,3,market perform,133.000000
296,-0.000000,M,-2147483648,2015-04-27,Goldman Sachs,12 month,3,neutral/attractive,131.000000
297,-0.000000,M,-2147483648,2015-03-06,UBS,12 month,5,buy,141.000000
298,-0.000000,M,-2147483648,2015-08-26,"Morningstar, Inc",Not Provided,3,hold,-0.000000
299,-0.000000,M,-2147483648,2015-08-18,J.P. Morgan,6 month,3,neutral,120.000000
300,-0.000000,M,-2147483648,2015-08-13,Morgan Stanley,12 month,3,Equalwt/In-Line,112.000000
301,-0.000000,M,-2147483648,2015-08-13,Guggenheim Securities,12 month,5,buy,130.000000
302,-0.000000,M,-2147483648,2015-08-12,Leerink Partners LLC,12 month,5,outperform,114.000000
303,-0.000000,M,-2147483648,2015-08-10,Oppenheimer & Co,12 month,5,outperform,138.000000
304,-0.000000,M,-2147483648,2015-08-10,Piper Jaffray,12 month,5,overweight,140.000000
305,-0.000000,M,-2147483648,2015-08-05,BMO Capital Markets,Not Provided,3,market perform,110.000000
306,-0.000000,M,-2147483648,2015-08-05,Goldman Sachs,12 month,3,neutral/attractive,112.000000
307,-0.000000,M,-2147483648,2015-08-05,Jefferies,12 month,5,buy,130.000000
308,-0.000000,M,-2147483648,2015-08-05,Barclays,Not Provided,5,overweight,135.000000
309,-0.000000,M,-2147483648,2015-08-04,UBS,12 month,5,buy,134.000000
310,-0.000000,M,-2147483648,2015-05-08,EVA Dimensions,Not Provided,1,underweight,-0.000000
311,-0.000000,M,-2147483648,2015-09-30,J.P. Morgan,18 month,3,neutral,100.000000
312,-0.000000,D,-2147483648,2015-09-30,"Morningstar, Inc",Not Provided,3,hold,-0.000000
313,-0.000000,N,-2147483648,2015-09-28,Nomura,12 month,3,neutral,100.000000
314,-0.000000,M,-2147483648,2015-09-25,BMO Capital Markets,Not Provided,3,market perform,106.000000
315,-0.000000,M,-2147483648,2015-09-24,UBS,12 month,5,buy,110.000000
316,-0.000000,M,-2147483648,2015-09-24,Barclays,Not Provided,5,overweight,100.000000
317,-0.000000,U,-2147483648,2015-09-22,EVA Dimensions,Not Provided,3,hold,-0.000000
318,-0.000000,M,-2147483648,2015-09-21,Morgan Stanley,12 month,3,Equalwt/In-Line,112.000000
319,-0.000000,M,-2147483648,2015-09-21,Leerink Partners LLC,12 month,5,outperform,114.000000
320,-0.000000,M,-2147483648,2015-09-21,Oppenheimer & Co,12 month,5,outperform,138.000000
321,-0.000000,M,-2147483648,2015-09-21,Guggenheim Securities,12 month,5,buy,130.000000
322,-0.000000,M,-2147483648,2015-08-10,Piper Jaffray,12 month,5,overweight,140.000000
323,-0.000000,M,-2147483648,2015-08-05,Goldman Sachs,12 month,3,neutral/attractive,112.000000
324,-0.000000,M,-2147483648,2015-08-05,Jefferies,12 month,5,buy,130.000000
325,-0.000000,M,-2147483648,2015-10-26,Goldman Sachs,12 month,3,neutral/attractive,79.000000
326,-0.000000,M,-2147483648,2015-10-23,Mizuho Securities USA Inc,Not Provided,3,neutral,67.000000
327,-0.000000,D,-2147483648,2015-10-23,"Morningstar, Inc",Not Provided,3,hold,-0.000000
328,-0.000000,M,-2147483648,2015-10-22,Morgan Stanley,12 month,3,Equalwt/In-Line,74.000000
329,-0.000000,M,-2147483648,2015-10-20,Barclays,Not Provided,5,overweight,80.000000
330,-0.000000,M,-2147483648,2015-10-15,Piper Jaffray,12 month,5,overweight,104.000000
331,-0.000000,N,-2147483648,2015-10-13,Northland Securities Inc,12 month,5,outperform,92.000000
332,-0.000000,M,-2147483648,2015-10-12,J.P. Morgan,12 month,3,neutral,100.000000
333,-0.000000,M,-2147483648,2015-10-12,Guggenheim Securities,12 month,5,buy,130.000000
334,-0.000000,M,-2147483648,2015-10-06,Jefferies,12 month,5,buy,130.000000
335,-0.000000,M,-2147483648,2015-10-06,Leerink Partners LLC,12 month,5,outperform,97.000000
336,-0.000000,M,-2147483648,2015-10-06,Oppenheimer & Co,12 month,5,outperform,138.000000
337,-0.000000,M,-2147483648,2015-10-06,Nomura,12 month,3,neutral,100.000000
338,-0.000000,M,-2147483648,2015-09-24,UBS,12 month,5,buy,110.000000
339,-0.000000,U,-2147483648,2015-09-22,EVA Dimensions,Not Provided,3,hold,-0.000000
340,-0.000000,M,-2147483648,2015-11-30,Barclays,Not Provided,5,overweight,80.000000
341,-0.000000,M,-2147483648,2015-11-25,Nomura,12 month,3,neutral,100.000000
342,-0.000000,M,-2147483648,2015-11-25,Northland Securities Inc,12 month,5,outperform,95.000000
343,-0.000000,M,-2147483648,2015-11-24,Mizuho Securities USA Inc,12 month,3,neutral,67.000000
344,-0.000000,M,-2147483648,2015-11-23,Morgan Stanley,12 month,3,Equalwt/In-Line,74.000000
345,-0.000000,M,-2147483648,2015-11-23,J.P. Morgan,18 month,3,neutral,100.000000
346,-0.000000,M,-2147483648,2015-11-23,Jefferies,12 month,5,buy,85.000000
347,-0.000000,M,-2147483648,2015-11-23,Leerink Partners LLC,12 month,5,outperform,82.000000
348,-0.000000,M,-2147483648,2015-11-23,Oppenheimer & Co,12 month,5,outperform,115.000000
349,-0.000000,M,-2147483648,2015-11-23,Guggenheim Securities,12 month,5,buy,130.000000
350,-0.000000,M,-2147483648,2015-11-23,"Morningstar, Inc",Not Provided,5,buy,-0.000000
351,-0.000000,M,-2147483648,2015-11-23,Piper Jaffray,12 month,5,overweight,103.000000
352,-0.000000,M,-2147483648,2015-10-26,Goldman Sachs,12 month,3,neutral/attractive,79.000000
353,-0.000000,M,-2147483648,2015-09-24,UBS,12 month,5,buy,110.000000
354,-0.000000,U,-2147483648,2015-09-22,EVA Dimensions,Not Provided,3,hold,-0.000000
355,-0.000000,M,-2147483648,2015-12-30,Leerink Partners LLC,12 month,5,outperform,82.000000
356,-0.000000,M,-2147483648,2015-12-22,Guggenheim Securities,12 month,5,buy,130.000000
357,-0.000000,M,-2147483648,2015-12-21,Mizuho Securities USA Inc,12 month,3,neutral,72.000000
358,-0.000000,D,-2147483648,2015-12-19,"Morningstar, Inc",Not Provided,3,hold,-0.000000
359,-0.000000,M,-2147483648,2015-12-18,Piper Jaffray,12 month,5,overweight,103.000000
360,-0.000000,M,-2147483648,2015-12-18,Barclays,Not Provided,5,overweight,80.000000
361,-0.000000,M,-2147483648,2015-12-08,Morgan Stanley,12 month,5,Overwt/In-Line,88.000000
362,-0.000000,M,-2147483648,2015-12-08,J.P. Morgan,12 month,3,neutral,100.000000
363,-0.000000,M,-2147483648,2015-12-08,Jefferies,12 month,5,buy,85.000000
364,-0.000000,M,-2147483648,2015-12-08,Northland Securities Inc,12 month,5,outperform,95.000000
365,-0.000000,M,-2147483648,2015-12-07,Oppenheimer & Co,12 month,5,outperform,115.000000
366,-0.000000,M,-2147483648,2015-11-25,Nomura,12 month,3,neutral,100.000000
367,-0.000000,M,-2147483648,2015-09-24,UBS,12 month,5,buy,110.000000
368,-0.000000,U,-2147483648,2015-09-22,EVA Dimensions,Not Provided,3,hold,-0.000000
369,-0.000000,M,-2147483648,2016-02-01,Mizuho Securities USA Inc,12 month,3,neutral,72.000000
370,-0.000000,M,-2147483648,2016-02-01,Nomura,12 month,3,neutral,100.000000
371,-0.000000,M,-2147483648,2016-02-01,"Morningstar, Inc",Not Provided,5,buy,-0.000000
372,-0.000000,M,-2147483648,2016-02-01,Northland Securities Inc,12 month,5,outperform,95.000000
373,-0.000000,M,-2147483648,2016-01-29,Jefferies,12 month,5,buy,85.000000
374,-0.000000,M,-2147483648,2016-01-29,Barclays,Not Provided,5,overweight,80.000000
375,-0.000000,M,-2147483648,2016-01-22,Leerink Partners LLC,12 month,5,outperform,82.000000
376,-0.000000,M,-2147483648,2016-01-15,UBS,12 month,5,buy,103.000000
377,-0.000000,M,-2147483648,2016-01-12,Guggenheim Securities,12 month,5,buy,130.000000
378,-0.000000,M,-2147483648,2016-01-05,Piper Jaffray,12 month,5,overweight,103.000000
379,-0.000000,M,-2147483648,2015-12-08,Morgan Stanley,12 month,5,Overwt/In-Line,88.000000
380,-0.000000,M,-2147483648,2015-12-08,J.P. Morgan,12 month,3,neutral,100.000000
381,-0.000000,M,-2147483648,2015-12-07,Oppenheimer & Co,12 month,5,outperform,115.000000
382,-0.000000,U,-2147483648,2015-09-22,EVA Dimensions,Not Provided,3,hold,-0.000000
383,-0.000000,M,-2147483648,2016-03-01,Guggenheim Securities,12 month,5,buy,130.000000
384,-0.000000,M,-2147483648,2016-02-29,Wells Fargo Securities,Not Provided,5,outperform,-0.000000
385,-0.000000,M,-2147483648,2016-02-16,Leerink Partners LLC,12 month,5,outperform,85.000000
386,-0.000000,D,-2147483648,2016-02-16,"Morningstar, Inc",Not Provided,3,hold,-0.000000
387,-0.000000,M,-2147483648,2016-02-09,Piper Jaffray,12 month,5,overweight,97.000000
388,-0.000000,M,-2147483648,2016-02-09,Northland Securities Inc,Not Provided,5,outperform,95.000000
389,-0.000000,M,-2147483648,2016-02-03,Morgan Stanley,12 month,5,Overwt/In-Line,88.000000
390,-0.000000,M,-2147483648,2016-02-03,J.P. Morgan,9 month,3,neutral,100.000000
391,-0.000000,M,-2147483648,2016-02-03,Jefferies,12 month,5,buy,85.000000
392,-0.000000,U,-2147483648,2016-02-03,Mizuho Securities USA Inc,12 month,5,buy,78.000000
393,-0.000000,M,-2147483648,2016-02-03,Barclays,Not Provided,5,overweight,80.000000
394,-0.000000,M,-2147483648,2016-02-02,Oppenheimer & Co,12 month,5,outperform,115.000000
395,-0.000000,M,-2147483648,2016-02-02,Nomura,12 month,3,neutral,100.000000
396,-0.000000,M,-2147483648,2016-01-15,UBS,12 month,5,buy,103.000000
397,-0.000000,U,-2147483648,2015-09-22,EVA Dimensions,Not Provided,3,hold,-0.000000
398,-0.000000,M,-2147483648,2016-04-01,Jefferies,12 month,5,buy,85.000000
399,-0.000000,M,-2147483648,2016-04-01,"Morningstar, Inc",Not Provided,5,buy,-0.000000
400,-0.000000,M,-2147483648,2016-03-23,Guggenheim Securities,12 month,5,buy,98.000000
401,-0.000000,M,-2147483648,2016-03-22,Oppenheimer & Co,12 month,5,outperform,115.000000
402,-0.000000,M,-2147483648,2016-03-17,Northland Securities Inc,12 month,5,outperform,95.000000
403,-0.000000,M,-2147483648,2016-03-16,Morgan Stanley,12 month,5,Overwt/In-Line,88.000000
404,-0.000000,M,-2147483648,2016-03-11,Barclays,Not Provided,5,overweight,80.000000
405,-0.000000,M,-2147483648,2016-02-29,Wells Fargo Securities,Not Provided,5,outperform,-0.000000
406,-0.000000,M,-2147483648,2016-02-16,Leerink Partners LLC,12 month,5,outperform,85.000000
407,-0.000000,M,-2147483648,2016-02-09,Piper Jaffray,12 month,5,overweight,97.000000
408,-0.000000,M,-2147483648,2016-02-03,J.P. Morgan,9 month,3,neutral,100.000000
409,-0.000000,U,-2147483648,2016-02-03,Mizuho Securities USA Inc,12 month,5,buy,78.000000
410,-0.000000,M,-2147483648,2016-02-02,Nomura,12 month,3,neutral,100.000000
411,-0.000000,M,-2147483648,2016-01-15,UBS,12 month,5,buy,103.000000
412,-0.000000,U,-2147483648,2015-09-22,EVA Dimensions,Not Provided,3,hold,-0.000000
413,-0.000000,M,-2147483648,2016-04-29,Barclays,Not Provided,5,overweight,75.000000
414,-0.000000,M,-2147483648,2016-04-28,Mizuho Securities USA Inc,12 month,5,buy,78.000000
415,-0.000000,M,-2147483648,2016-04-28,Northland Securities Inc,Not Provided,5,outperform,95.000000
416,-0.000000,M,-2147483648,2016-04-27,Morgan Stanley,12 month,5,Overwt/In-Line,88.000000
417,-0.000000,M,-2147483648,2016-04-24,Piper Jaffray,12 month,5,overweight,97.000000
418,-0.000000,M,-2147483648,2016-04-21,Guggenheim Securities,12 month,5,buy,98.000000
419,-0.000000,D,-2147483648,2016-04-21,"Morningstar, Inc",Not Provided,3,hold,-0.000000
420,-0.000000,M,-2147483648,2016-04-18,Leerink Partners LLC,Not Provided,5,outperform,85.000000
421,-0.000000,M,-2147483648,2016-04-15,UBS,12 month,5,buy,85.000000
422,-0.000000,M,-2147483648,2016-04-15,J.P. Morgan,Not Provided,3,neutral,100.000000
423,-0.000000,M,-2147483648,2016-04-01,Jefferies,12 month,5,buy,85.000000
424,-0.000000,M,-2147483648,2016-03-22,Oppenheimer & Co,12 month,5,outperform,115.000000
425,-0.000000,M,-2147483648,2016-02-29,Wells Fargo Securities,Not Provided,5,outperform,-0.000000
426,-0.000000,U,-2147483648,2015-09-22,EVA Dimensions,Not Provided,3,hold,-0.000000
427,-0.000000,M,-2147483648,2016-05-27,Wells Fargo Securities,Not Provided,5,outperform,-0.000000
428,-0.000000,D,-2147483648,2016-05-27,"Morningstar, Inc",Not Provided,3,hold,-0.000000
429,-0.000000,M,-2147483648,2016-05-26,Northland Securities Inc,Not Provided,5,outperform,95.000000
430,-0.000000,M,-2147483648,2016-05-19,Guggenheim Securities,12 month,5,buy,98.000000
431,-0.000000,M,-2147483648,2016-05-06,Leerink Partners LLC,12 month,5,outperform,84.000000
432,-0.000000,M,-2147483648,2016-05-04,Morgan Stanley,12 month,5,Overwt/In-Line,82.000000
433,-0.000000,M,-2147483648,2016-05-04,J.P. Morgan,9 month,3,neutral,85.000000
434,-0.000000,M,-2147483648,2016-05-04,Oppenheimer & Co,12 month,5,outperform,115.000000
435,-0.000000,M,-2147483648,2016-05-04,Mizuho Securities USA Inc,12 month,5,buy,80.000000
436,-0.000000,M,-2147483648,2016-05-04,Barclays,Not Provided,5,overweight,75.000000
437,-0.000000,M,-2147483648,2016-05-03,Jefferies,12 month,5,buy,85.000000
438,-0.000000,M,-2147483648,2016-05-03,Piper Jaffray,12 month,5,overweight,102.000000
439,-0.000000,M,-2147483648,2016-04-15,UBS,12 month,5,buy,85.000000
440,-0.000000,U,-2147483648,2015-09-22,EVA Dimensions,Not Provided,3,hold,-0.000000
441,-0.000000,M,-2147483648,2016-06-30,BMO Capital Markets,Not Provided,5,outperform,84.000000
442,-0.000000,M,-2147483648,2016-06-29,Barclays,Not Provided,5,overweight,75.000000
443,-0.000000,M,-2147483648,2016-06-17,Wells Fargo Securities,Not Provided,5,outperform,-0.000000
444,-0.000000,M,-2147483648,2016-06-16,"Morningstar, Inc",Not Provided,5,buy,-0.000000
445,-0.000000,M,-2147483648,2016-06-15,Guggenheim Securities,12 month,5,buy,98.000000
446,-0.000000,M,-2147483648,2016-06-06,Goldman Sachs,12 month,3,neutral/neutral,73.000000
447,-0.000000,M,-2147483648,2016-06-06,Mizuho Securities USA Inc,12 month,5,buy,80.000000
448,-0.000000,M,-2147483648,2016-06-05,Leerink Partners LLC,12 month,5,outperform,84.000000
449,-0.000000,M,-2147483648,2016-05-26,Northland Securities Inc,Not Provided,5,outperform,95.000000
450,-0.000000,M,-2147483648,2016-05-04,Morgan Stanley,12 month,5,Overwt/In-Line,82.000000
451,-0.000000,M,-2147483648,2016-05-04,J.P. Morgan,9 month,3,neutral,85.000000
452,-0.000000,M,-2147483648,2016-05-04,Oppenheimer & Co,12 month,5,outperform,115.000000
453,-0.000000,M,-2147483648,2016-05-03,Jefferies,12 month,5,buy,85.000000
454,-0.000000,M,-2147483648,2016-05-03,Piper Jaffray,12 month,5,overweight,102.000000
455,-0.000000,M,-2147483648,2016-04-15,UBS,12 month,5,buy,85.000000
456,-0.000000,U,-2147483648,2015-09-22,EVA Dimensions,Not Provided,3,hold,-0.000000
457,-0.000000,M,-2147483648,2016-08-01,Morgan Stanley,12 month,5,Overwt/In-Line,82.000000
458,-0.000000,M,-2147483648,2016-08-01,Northland Securities Inc,12 month,5,outperform,95.000000
459,-0.000000,M,-2147483648,2016-08-01,Barclays,Not Provided,5,overweight,75.000000
460,-0.000000,M,-2147483648,2016-07-29,Wells Fargo Securities,Not Provided,5,outperform,-0.000000
461,-0.000000,M,-2147483648,2016-07-26,BMO Capital Markets,Not Provided,5,outperform,84.000000
462,-0.000000,M,-2147483648,2016-07-22,J.P. Morgan,6 month,3,neutral,85.000000
463,-0.000000,M,-2147483648,2016-07-21,Mizuho Securities USA Inc,12 month,5,buy,83.000000
464,-0.000000,M,-2147483648,2016-07-18,Leerink Partners LLC,Not Provided,5,outperform,84.000000
465,-0.000000,M,-2147483648,2016-07-18,Piper Jaffray,12 month,5,overweight,102.000000
466,-0.000000,M,-2147483648,2016-07-14,Guggenheim Securities,12 month,5,buy,98.000000
467,-0.000000,D,-2147483648,2016-07-06,"Morningstar, Inc",Not Provided,3,hold,-0.000000
468,-0.000000,M,-2147483648,2016-06-06,Goldman Sachs,12 month,3,neutral/neutral,73.000000
469,-0.000000,M,-2147483648,2016-05-04,Oppenheimer & Co,12 month,5,outperform,115.000000
470,-0.000000,M,-2147483648,2016-05-03,Jefferies,12 month,5,buy,85.000000
471,-0.000000,M,-2147483648,2016-04-15,UBS,12 month,5,buy,85.000000
472,-0.000000,U,-2147483648,2015-09-22,EVA Dimensions,Not Provided,3,hold,-0.000000
473,-0.000000,M,-2147483648,2016-08-26,Stifel,12 month,5,buy,95.000000
474,-0.000000,M,-2147483648,2016-08-26,Mizuho Securities USA Inc,12 month,5,buy,91.000000
475,-0.000000,M,-2147483648,2016-08-26,Northland Securities Inc,12 month,5,outperform,100.000000
476,-0.000000,M,-2147483648,2016-08-25,J.P. Morgan,6 month,3,neutral,85.000000
477,-0.000000,M,-2147483648,2016-08-25,Barclays,Not Provided,5,overweight,88.000000
478,-0.000000,M,-2147483648,2016-08-24,BMO Capital Markets,Not Provided,5,outperform,93.000000
479,-0.000000,M,-2147483648,2016-08-24,Guggenheim Securities,12 month,5,buy,98.000000
480,-0.000000,M,-2147483648,2016-08-24,Piper Jaffray,12 month,5,overweight,112.000000
481,-0.000000,M,-2147483648,2016-08-15,"Morningstar, Inc",Not Provided,3,hold,-0.000000
482,-0.000000,M,-2147483648,2016-08-03,UBS,12 month,5,buy,92.000000
483,-0.000000,M,-2147483648,2016-08-03,Leerink Partners LLC,12 month,5,outperform,91.000000
484,-0.000000,M,-2147483648,2016-08-02,Morgan Stanley,12 month,5,Overwt/In-Line,82.000000
485,-0.000000,M,-2147483648,2016-08-02,Goldman Sachs,12 month,3,neutral/neutral,83.000000
486,-0.000000,M,-2147483648,2016-08-02,Jefferies,12 month,5,buy,95.000000
487,-0.000000,M,-2147483648,2016-08-02,Oppenheimer & Co,12 month,5,outperform,115.000000
488,-0.000000,M,-2147483648,2016-08-02,Wells Fargo Securities,Not Provided,5,outperform,-0.000000
489,-0.000000,U,-2147483648,2015-09-22,EVA Dimensions,Not Provided,3,hold,-0.000000
490,-0.000000,M,-2147483648,2016-09-30,Oppenheimer & Co,Not Provided,5,outperform,115.000000
491,-0.000000,M,-2147483648,2016-09-30,"Morningstar, Inc",Not Provided,3,hold,-0.000000
492,-0.000000,M,-2147483648,2016-09-29,Mizuho Securities USA Inc,12 month,5,buy,89.000000
493,-0.000000,M,-2147483648,2016-09-28,Stifel,Not Provided,5,buy,95.000000
494,-0.000000,M,-2147483648,2016-09-25,Barclays,Not Provided,5,overweight,88.000000
495,-0.000000,M,-2147483648,2016-09-23,BMO Capital Markets,Not Provided,5,outperform,93.000000
496,-0.000000,M,-2147483648,2016-09-20,Morgan Stanley,12 month,5,Overwt/In-Line,82.000000
497,-0.000000,M,-2147483648,2016-09-20,Guggenheim Securities,12 month,5,buy,98.000000
498,-0.000000,M,-2147483648,2016-09-19,Wells Fargo Securities,Not Provided,5,outperform,-0.000000
499,-0.000000,M,-2147483648,2016-09-16,Northland Securities Inc,Not Provided,5,outperform,100.000000
500,-0.000000,M,-2147483648,2016-09-15,Leerink Partners LLC,12 month,5,outperform,92.000000
501,-0.000000,M,-2147483648,2016-09-12,Jefferies,Not Provided,-2147483648,restricted,-0.000000
502,-0.000000,M,-2147483648,2016-09-06,Piper Jaffray,12 month,5,overweight,105.000000
503,-0.000000,M,-2147483648,2016-08-25,J.P. Morgan,6 month,3,neutral,85.000000
504,-0.000000,M,-2147483648,2016-08-03,UBS,12 month,5,buy,92.000000
505,-0.000000,M,-2147483648,2016-08-02,Goldman Sachs,12 month,3,neutral/neutral,83.000000
506,-0.000000,U,-2147483648,2015-09-22,EVA Dimensions,Not Provided,3,hold,-0.000000
507,-0.000000,M,-2147483648,2016-10-31,"Morningstar, Inc",Not Provided,3,hold,-0.000000
508,-0.000000,M,-2147483648,2016-10-26,BMO Capital Markets,Not Provided,5,outperform,92.000000
509,-0.000000,M,-2147483648,2016-10-25,Northland Securities Inc,12 month,5,outperform,100.000000
510,-0.000000,M,-2147483648,2016-10-24,J.P. Morgan,18 month,3,neutral,85.000000
511,-0.000000,M,-2147483648,2016-10-24,Stifel,12 month,5,buy,95.000000
512,-0.000000,M,-2147483648,2016-10-20,Goldman Sachs,12 month,3,neutral/neutral,75.000000
513,-0.000000,M,-2147483648,2016-10-19,Piper Jaffray,12 month,5,overweight,105.000000
514,-0.000000,M,-2147483648,2016-10-17,Wells Fargo Securities,Not Provided,5,outperform,-0.000000
515,-0.000000,M,-2147483648,2016-10-17,Barclays,Not Provided,5,overweight,88.000000
516,-0.000000,M,-2147483648,2016-10-13,Guggenheim Securities,12 month,5,buy,98.000000
517,-0.000000,M,-2147483648,2016-09-30,Oppenheimer & Co,Not Provided,5,outperform,115.000000
518,-0.000000,M,-2147483648,2016-09-29,Mizuho Securities USA Inc,12 month,5,buy,89.000000
519,-0.000000,M,-2147483648,2016-09-20,Morgan Stanley,12 month,5,Overwt/In-Line,82.000000
520,-0.000000,M,-2147483648,2016-09-15,Leerink Partners LLC,12 month,5,outperform,92.000000
521,-0.000000,M,-2147483648,2016-09-12,Jefferies,Not Provided,-2147483648,restricted,-0.000000
522,-0.000000,M,-2147483648,2016-08-03,UBS,12 month,5,buy,92.000000
523,-0.000000,U,-2147483648,2015-09-22,EVA Dimensions,Not Provided,3,hold,-0.000000
524,-0.000000,M,-2147483648,2016-12-01,Morgan Stanley,12 month,5,Overwt/In-Line,65.000000
525,-0.000000,M,-2147483648,2016-12-01,UBS,12 month,5,buy,77.000000
526,-0.000000,M,-2147483648,2016-11-30,Leerink Partners LLC,12 month,5,outperform,70.000000
527,-0.000000,M,-2147483648,2016-11-30,Mizuho Securities USA Inc,12 month,5,buy,85.000000
528,-0.000000,M,-2147483648,2016-11-30,Piper Jaffray,12 month,5,overweight,108.000000
529,-0.000000,M,-2147483648,2016-11-30,Barclays,Not Provided,5,overweight,88.000000
530,-0.000000,M,-2147483648,2016-11-29,BMO Capital Markets,Not Provided,5,outperform,81.000000
531,-0.000000,M,-2147483648,2016-11-29,Goldman Sachs,12 month,3,neutral/neutral,65.000000
532,-0.000000,M,-2147483648,2016-11-29,J.P. Morgan,18 month,3,neutral,78.000000
533,-0.000000,M,-2147483648,2016-11-29,Jefferies,Not Provided,-2147483648,restricted,-0.000000
534,-0.000000,M,-2147483648,2016-11-29,Raymond James,12 month,5,outperform,72.000000
535,-0.000000,M,-2147483648,2016-11-29,Stifel,12 month,5,buy,95.000000
536,-0.000000,M,-2147483648,2016-11-29,Wells Fargo Securities,Not Provided,5,outperform,-0.000000
537,-0.000000,M,-2147483648,2016-11-29,Guggenheim Securities,12 month,5,buy,98.000000
538,-0.000000,M,-2147483648,2016-11-29,"Morningstar, Inc",Not Provided,5,buy,-0.000000
539,-0.000000,M,-2147483648,2016-09-30,Oppenheimer & Co,Not Provided,5,outperform,115.000000
540,-0.000000,U,-2147483648,2015-09-22,EVA Dimensions,Not Provided,3,hold,-0.000000
541,-0.000000,M,-2147483648,2016-12-28,Guggenheim Securities,12 month,5,buy,98.000000
542,-0.000000,M,-2147483648,2016-12-23,Mizuho Securities USA Inc,12 month,5,buy,85.000000
543,-0.000000,M,-2147483648,2016-12-22,Wells Fargo Securities,Not Provided,5,outperform,-0.000000
544,-0.000000,U,-2147483648,2016-12-17,EVA Dimensions,Not Provided,5,overweight,-0.000000
545,-0.000000,M,-2147483648,2016-12-13,Goldman Sachs,12 month,3,neutral/neutral,64.000000
546,-0.000000,M,-2147483648,2016-12-06,Oppenheimer & Co,12 month,5,outperform,72.000000
547,-0.000000,M,-2147483648,2016-12-02,"Morningstar, Inc",Not Provided,5,buy,-0.000000
548,-0.000000,M,-2147483648,2016-12-01,Morgan Stanley,12 month,5,Overwt/In-Line,65.000000
549,-0.000000,M,-2147483648,2016-12-01,UBS,12 month,5,buy,77.000000
550,-0.000000,M,-2147483648,2016-11-30,Leerink Partners LLC,12 month,5,outperform,70.000000
551,-0.000000,M,-2147483648,2016-11-30,Piper Jaffray,12 month,5,overweight,108.000000
552,-0.000000,M,-2147483648,2016-11-30,Barclays,Not Provided,5,overweight,88.000000
553,-0.000000,M,-2147483648,2016-11-29,BMO Capital Markets,Not Provided,5,outperform,81.000000
554,-0.000000,M,-2147483648,2016-11-29,J.P. Morgan,18 month,3,neutral,78.000000
555,-0.000000,M,-2147483648,2016-11-29,Jefferies,Not Provided,-2147483648,restricted,-0.000000
556,-0.000000,M,-2147483648,2016-11-29,Raymond James,12 month,5,outperform,72.000000
557,-0.000000,M,-2147483648,2016-11-29,Stifel,12 month,5,buy,95.000000
558,-0.000000,M,-2147483648,2017-01-31,Raymond James,12 month,5,outperform,68.000000
559,-0.000000,M,-2147483648,2017-01-31,Stifel,12 month,5,buy,95.000000
560,-0.000000,M,-2147483648,2017-01-30,Morgan Stanley,12 month,5,Overwt/In-Line,65.000000
561,-0.000000,M,-2147483648,2017-01-30,Barclays,Not Provided,5,overweight,88.000000
562,-0.000000,M,-2147483648,2017-01-25,J.P. Morgan,12 month,3,neutral,78.000000
563,-0.000000,M,-2147483648,2017-01-24,Oppenheimer & Co,12 month,5,outperform,72.000000
564,-0.000000,M,-2147483648,2017-01-24,Guggenheim Securities,12 month,5,buy,98.000000
565,-0.000000,M,-2147483648,2017-01-19,Mizuho Securities USA Inc,12 month,5,buy,85.000000
566,-0.000000,M,-2147483648,2017-01-19,"Morningstar, Inc",Not Provided,5,buy,-0.000000
567,-0.000000,M,-2147483648,2017-01-19,Piper Jaffray,12 month,5,overweight,108.000000
568,-0.000000,M,-2147483648,2017-01-18,BMO Capital Markets,Not Provided,5,outperform,81.000000
569,-0.000000,M,-2147483648,2017-01-18,Wells Fargo Securities,Not Provided,5,outperform,-0.000000
570,-0.000000,U,-2147483648,2016-12-17,EVA Dimensions,Not Provided,5,overweight,-0.000000
571,-0.000000,M,-2147483648,2016-12-13,Goldman Sachs,12 month,3,neutral/neutral,64.000000
572,-0.000000,M,-2147483648,2016-12-01,UBS,12 month,5,buy,77.000000
573,-0.000000,M,-2147483648,2016-11-30,Leerink Partners LLC,12 month,5,outperform,70.000000
574,-0.000000,M,-2147483648,2016-11-29,Jefferies,Not Provided,-2147483648,restricted,-0.000000
575,-0.000000,M,-2147483648,2017-03-01,Canaccord Genuity,12 month,5,buy,91.000000
576,-0.000000,M,-2147483648,2017-02-22,Raymond James,12 month,5,outperform,68.000000
577,-0.000000,M,-2147483648,2017-02-20,Leerink Partners LLC,12 month,5,outperform,60.000000
578,-0.000000,M,-2147483648,2017-02-17,Barclays,Not Provided,5,overweight,65.000000
579,-0.000000,M,-2147483648,2017-02-12,Piper Jaffray,12 month,5,overweight,83.000000
580,-0.000000,M,-2147483648,2017-02-08,Morgan Stanley,12 month,5,Overwt/In-Line,65.000000
581,-0.000000,M,-2147483648,2017-02-08,Mizuho Securities USA Inc,12 month,5,buy,69.000000
582,-0.000000,M,-2147483648,2017-02-07,BMO Capital Markets,Not Provided,5,outperform,79.000000
583,-0.000000,M,-2147483648,2017-02-07,Goldman Sachs,12 month,3,neutral/neutral,61.000000
584,-0.000000,M,-2147483648,2017-02-07,J.P. Morgan,12 month,3,neutral,70.000000
585,-0.000000,M,-2147483648,2017-02-07,Jefferies,12 month,5,buy,95.000000
586,-0.000000,M,-2147483648,2017-02-07,Stifel,12 month,5,buy,85.000000
587,-0.000000,M,-2147483648,2017-02-07,Oppenheimer & Co,12 month,5,outperform,70.000000
588,-0.000000,M,-2147483648,2017-02-07,Wells Fargo Securities,Not Provided,5,outperform,-0.000000
589,-0.000000,M,-2147483648,2017-02-07,Guggenheim Securities,12 month,5,buy,98.000000
590,-0.000000,M,-2147483648,2017-02-07,"Morningstar, Inc",Not Provided,5,buy,-0.000000
591,-0.000000,U,-2147483648,2016-12-17,EVA Dimensions,Not Provided,5,overweight,-0.000000
592,-0.000000,M,-2147483648,2016-12-01,UBS,12 month,5,buy,77.000000
593,-0.000000,M,-2147483648,2017-03-31,Guggenheim Securities,12 month,5,buy,98.000000
594,-0.000000,M,-2147483648,2017-03-31,Piper Jaffray,12 month,5,overweight,83.000000
595,-0.000000,M,-2147483648,2017-03-24,Barclays,Not Provided,5,overweight,65.000000
596,-0.000000,M,-2147483648,2017-03-21,"Morningstar, Inc",Not Provided,5,buy,-0.000000
597,-0.000000,M,-2147483648,2017-03-17,UBS,12 month,5,buy,70.000000
598,-0.000000,M,-2147483648,2017-03-17,Leerink Partners LLC,12 month,5,outperform,60.000000
599,-0.000000,M,-2147483648,2017-03-13,Jefferies,12 month,5,buy,70.000000
600,-0.000000,M,-2147483648,2017-03-02,J.P. Morgan,9 month,3,neutral,70.000000
601,-0.000000,M,-2147483648,2017-03-01,Canaccord Genuity,12 month,5,buy,91.000000
602,-0.000000,M,-2147483648,2017-02-22,Raymond James,12 month,5,outperform,68.000000
603,-0.000000,M,-2147483648,2017-02-08,Morgan Stanley,12 month,5,Overwt/In-Line,65.000000
604,-0.000000,M,-2147483648,2017-02-08,Mizuho Securities USA Inc,12 month,5,buy,69.000000
605,-0.000000,M,-2147483648,2017-02-07,BMO Capital Markets,Not Provided,5,outperform,79.000000
606,-0.000000,M,-2147483648,2017-02-07,Stifel,12 month,5,buy,85.000000
607,-0.000000,M,-2147483648,2017-02-07,Oppenheimer & Co,12 month,5,outperform,70.000000
608,-0.000000,M,-2147483648,2017-02-07,Wells Fargo Securities,Not Provided,5,outperform,-0.000000
609,-0.000000,U,-2147483648,2016-12-17,EVA Dimensions,Not Provided,5,overweight,-0.000000
610,-0.000000,M,-2147483648,2017-04-30,Canaccord Genuity,Not Provided,5,buy,91.000000
611,-0.000000,M,-2147483648,2017-04-28,Barclays,Not Provided,5,overweight,65.000000
612,-0.000000,M,-2147483648,2017-04-21,Leerink Partners LLC,12 month,5,outperform,60.000000
613,-0.000000,M,-2147483648,2017-04-19,J.P. Morgan,9 month,3,neutral,70.000000
614,-0.000000,M,-2147483648,2017-04-18,EVA Dimensions,Not Provided,5,overweight,-0.000000
615,-0.000000,M,-2147483648,2017-04-12,Mizuho Securities USA Inc,12 month,5,buy,73.000000
616,-0.000000,M,-2147483648,2017-04-04,"Morningstar, Inc",Not Provided,5,buy,-0.000000
617,-0.000000,M,-2147483648,2017-03-31,Piper Jaffray,12 month,5,overweight,83.000000
618,-0.000000,M,-2147483648,2017-03-17,UBS,12 month,5,buy,70.000000
619,-0.000000,M,-2147483648,2017-03-13,Jefferies,12 month,5,buy,70.000000
620,-0.000000,M,-2147483648,2017-02-22,Raymond James,12 month,5,outperform,68.000000
621,-0.000000,M,-2147483648,2017-02-08,Morgan Stanley,12 month,5,Overwt/In-Line,65.000000
622,-0.000000,M,-2147483648,2017-02-07,BMO Capital Markets,Not Provided,5,outperform,79.000000
623,-0.000000,M,-2147483648,2017-02-07,Stifel,12 month,5,buy,85.000000
624,-0.000000,M,-2147483648,2017-02-07,Oppenheimer & Co,12 month,5,outperform,70.000000
625,-0.000000,M,-2147483648,2017-02-07,Wells Fargo Securities,Not Provided,5,outperform,-0.000000
626,-22.850000,M,5,2017-05-03,Wells Fargo Securities,Not Provided,5,outperform,-0.000000
627,-22.850000,M,5,2017-05-02,Leerink Partners LLC,Not Provided,-2147483648,suspended coverage,-0.000000
628,-0.000000,M,-2147483648,2017-04-30,Canaccord Genuity,Not Provided,5,buy,91.000000
629,-22.850000,M,5,2017-04-28,Barclays,Not Provided,5,overweight,65.000000
630,0.000000,M,2,2017-04-19,J.P. Morgan,9 month,3,neutral,70.000000
631,-12.740000,M,3,2017-04-18,EVA Dimensions,Not Provided,5,overweight,-0.000000
632,-22.850000,M,5,2017-04-12,Mizuho Securities USA Inc,12 month,5,buy,73.000000
633,17.920000,M,1,2017-04-04,"Morningstar, Inc",Not Provided,5,buy,-0.000000
634,-22.850000,M,5,2017-03-31,Piper Jaffray,12 month,5,overweight,83.000000
635,-22.850000,M,5,2017-03-17,UBS,12 month,5,buy,70.000000
636,-0.000000,M,-2147483648,2017-03-13,Jefferies,12 month,5,buy,70.000000
637,-0.000000,M,-2147483648,2017-02-22,Raymond James,12 month,5,outperform,68.000000
638,-22.850000,M,5,2017-02-08,Morgan Stanley,12 month,5,Overwt/In-Line,65.000000
639,-16.700000,M,4,2017-02-07,BMO Capital Markets,Not Provided,5,outperform,79.000000
640,-0.000000,M,-2147483648,2017-02-07,Stifel,12 month,5,buy,85.000000
641,-0.000000,M,-2147483648,2017-02-07,Oppenheimer & Co,12 month,5,outperform,70.000000
642,-22.850000,M,5,2017-05-03,Wells Fargo Securities,Not Provided,5,outperform,-0.000000
643,-22.850000,M,5,2017-05-02,Leerink Partners LLC,Not Provided,-2147483648,suspended coverage,-0.000000
644,-0.000000,M,-2147483648,2017-04-30,Canaccord Genuity,Not Provided,5,buy,91.000000
645,-22.850000,M,5,2017-04-28,Barclays,Not Provided,5,overweight,65.000000
646,0.000000,M,2,2017-04-19,J.P. Morgan,9 month,3,neutral,70.000000
647,-12.740000,M,3,2017-04-18,EVA Dimensions,Not Provided,5,overweight,-0.000000
648,-22.850000,M,5,2017-04-12,Mizuho Securities USA Inc,12 month,5,buy,73.000000
649,17.920000,M,1,2017-04-04,"Morningstar, Inc",Not Provided,5,buy,-0.000000
650,-22.850000,M,5,2017-03-31,Piper Jaffray,12 month,5,overweight,83.000000
651,-22.850000,M,5,2017-03-17,UBS,12 month,5,buy,70.000000
652,-0.000000,M,-2147483648,2017-03-13,Jefferies,12 month,5,buy,70.000000
653,-0.000000,M,-2147483648,2017-02-22,Raymond James,12 month,5,outperform,68.000000
654,-22.850000,M,5,2017-02-08,Morgan Stanley,12 month,5,Overwt/In-Line,65.000000
655,-16.700000,M,4,2017-02-07,BMO Capital Markets,Not Provided,5,outperform,79.000000
656,-0.000000,M,-2147483648,2017-02-07,Stifel,12 month,5,buy,85.000000
657,-0.000000,M,-2147483648,2017-02-07,Oppenheimer & Co,12 month,5,outperform,70.000000
658,-22.850000,M,5,2017-05-03,Wells Fargo Securities,Not Provided,5,outperform,-0.000000
659,-22.850000,M,5,2017-05-02,Leerink Partners LLC,Not Provided,-2147483648,suspended coverage,-0.000000
660,-0.000000,M,-2147483648,2017-04-30,Canaccord Genuity,Not Provided,5,buy,91.000000
661,-22.850000,M,5,2017-04-28,Barclays,Not Provided,5,overweight,65.000000
662,0.000000,M,2,2017-04-19,J.P. Morgan,9 month,3,neutral,70.000000
663,-12.740000,M,3,2017-04-18,EVA Dimensions,Not Provided,5,overweight,-0.000000
664,-22.850000,M,5,2017-04-12,Mizuho Securities USA Inc,12 month,5,buy,73.000000
665,17.920000,M,1,2017-04-04,"Morningstar, Inc",Not Provided,5,buy,-0.000000
666,-22.850000,M,5,2017-03-31,Piper Jaffray,12 month,5,overweight,83.000000
667,-22.850000,M,5,2017-03-17,UBS,12 month,5,buy,70.000000
668,-0.000000,M,-2147483648,2017-03-13,Jefferies,12 month,5,buy,70.000000
669,-0.000000,M,-2147483648,2017-02-22,Raymond James,12 month,5,outperform,68.000000
670,-22.850000,M,5,2017-02-08,Morgan Stanley,12 month,5,Overwt/In-Line,65.000000
671,-16.700000,M,4,2017-02-07,BMO Capital Markets,Not Provided,5,outperform,79.000000
672,-0.000000,M,-2147483648,2017-02-07,Stifel,12 month,5,buy,85.000000
673,-0.000000,M,-2147483648,2017-02-07,Oppenheimer & Co,12 month,5,outperform,70.000000
674,-22.850000,M,5,2017-05-03,Wells Fargo Securities,Not Provided,5,outperform,-0.000000
675,-22.850000,M,5,2017-05-02,Leerink Partners LLC,Not Provided,-2147483648,suspended coverage,-0.000000
676,-0.000000,M,-2147483648,2017-04-30,Canaccord Genuity,Not Provided,5,buy,91.000000
677,-22.850000,M,5,2017-04-28,Barclays,Not Provided,5,overweight,65.000000
678,0.000000,M,2,2017-04-19,J.P. Morgan,9 month,3,neutral,70.000000
679,-12.740000,M,3,2017-04-18,EVA Dimensions,Not Provided,5,overweight,-0.000000
680,-22.850000,M,5,2017-04-12,Mizuho Securities USA Inc,12 month,5,buy,73.000000
681,17.920000,M,1,2017-04-04,"Morningstar, Inc",Not Provided,5,buy,-0.000000
682,-22.850000,M,5,2017-03-31,Piper Jaffray,12 month,5,overweight,83.000000
683,-22.850000,M,5,2017-03-17,UBS,12 month,5,buy,70.000000
684,-0.000000,M,-2147483648,2017-03-13,Jefferies,12 month,5,buy,70.000000
685,-0.000000,M,-2147483648,2017-02-22,Raymond James,12 month,5,outperform,68.000000
686,-22.850000,M,5,2017-02-08,Morgan Stanley,12 month,5,Overwt/In-Line,65.000000
687,-16.700000,M,4,2017-02-07,BMO Capital Markets,Not Provided,5,outperform,79.000000
688,-0.000000,M,-2147483648,2017-02-07,Stifel,12 month,5,buy,85.000000
689,-0.000000,M,-2147483648,2017-02-07,Oppenheimer & Co,12 month,5,outperform,70.000000
690,-22.850000,M,5,2017-05-03,Wells Fargo Securities,Not Provided,5,outperform,-0.000000
691,-22.850000,M,5,2017-05-02,Leerink Partners LLC,Not Provided,-2147483648,suspended coverage,-0.000000
692,-0.000000,M,-2147483648,2017-04-30,Canaccord Genuity,Not Provided,5,buy,91.000000
693,-22.850000,M,5,2017-04-28,Barclays,Not Provided,5,overweight,65.000000
694,0.000000,M,2,2017-04-19,J.P. Morgan,9 month,3,neutral,70.000000
695,-12.740000,M,3,2017-04-18,EVA Dimensions,Not Provided,5,overweight,-0.000000
696,-22.850000,M,5,2017-04-12,Mizuho Securities USA Inc,12 month,5,buy,73.000000
697,17.920000,M,1,2017-04-04,"Morningstar, Inc",Not Provided,5,buy,-0.000000
698,-22.850000,M,5,2017-03-31,Piper Jaffray,12 month,5,overweight,83.000000
699,-22.850000,M,5,2017-03-17,UBS,12 month,5,buy,70.000000
700,-0.000000,M,-2147483648,2017-03-13,Jefferies,12 month,5,buy,70.000000
701,-0.000000,M,-2147483648,2017-02-22,Raymond James,12 month,5,outperform,68.000000
702,-22.850000,M,5,2017-02-08,Morgan Stanley,12 month,5,Overwt/In-Line,65.000000
703,-16.700000,M,4,2017-02-07,BMO Capital Markets,Not Provided,5,outperform,79.000000
704,-0.000000,M,-2147483648,2017-02-07,Stifel,12 month,5,buy,85.000000
705,-0.000000,M,-2147483648,2017-02-07,Oppenheimer & Co,12 month,5,outperform,70.000000
706,-22.850000,M,5,2017-05-03,Wells Fargo Securities,Not Provided,5,outperform,-0.000000
707,-22.850000,M,5,2017-05-02,Leerink Partners LLC,Not Provided,-2147483648,suspended coverage,-0.000000
708,-0.000000,M,-2147483648,2017-04-30,Canaccord Genuity,Not Provided,5,buy,91.000000
709,-22.850000,M,5,2017-04-28,Barclays,Not Provided,5,overweight,65.000000
710,0.000000,M,2,2017-04-19,J.P. Morgan,9 month,3,neutral,70.000000
711,-12.740000,M,3,2017-04-18,EVA Dimensions,Not Provided,5,overweight,-0.000000
712,-22.850000,M,5,2017-04-12,Mizuho Securities USA Inc,12 month,5,buy,73.000000
713,17.920000,M,1,2017-04-04,"Morningstar, Inc",Not Provided,5,buy,-0.000000
714,-22.850000,M,5,2017-03-31,Piper Jaffray,12 month,5,overweight,83.000000
715,-22.850000,M,5,2017-03-17,UBS,12 month,5,buy,70.000000
716,-0.000000,M,-2147483648,2017-03-13,Jefferies,12 month,5,buy,70.000000
717,-0.000000,M,-2147483648,2017-02-22,Raymond James,12 month,5,outperform,68.000000
718,-22.850000,M,5,2017-02-08,Morgan Stanley,12 month,5,Overwt/In-Line,65.000000
719,-16.700000,M,4,2017-02-07,BMO Capital Markets,Not Provided,5,outperform,79.000000
720,-0.000000,M,-2147483648,2017-02-07,Stifel,12 month,5,buy,85.000000
721,-0.000000,M,-2147483648,2017-02-07,Oppenheimer & Co,12 month,5,outperform,70.000000
722,-22.850000,M,5,2017-05-03,Wells Fargo Securities,Not Provided,5,outperform,-0.000000
723,-22.850000,M,5,2017-05-02,Leerink Partners LLC,Not Provided,-2147483648,suspended coverage,-0.000000
724,-0.000000,M,-2147483648,2017-04-30,Canaccord Genuity,Not Provided,5,buy,91.000000
725,-22.850000,M,5,2017-04-28,Barclays,Not Provided,5,overweight,65.000000
726,0.000000,M,2,2017-04-19,J.P. Morgan,9 month,3,neutral,70.000000
727,-12.740000,M,3,2017-04-18,EVA Dimensions,Not Provided,5,overweight,-0.000000
728,-22.850000,M,5,2017-04-12,Mizuho Securities USA Inc,12 month,5,buy,73.000000
729,17.920000,M,1,2017-04-04,"Morningstar, Inc",Not Provided,5,buy,-0.000000
730,-22.850000,M,5,2017-03-31,Piper Jaffray,12 month,5,overweight,83.000000
731,-22.850000,M,5,2017-03-17,UBS,12 month,5,buy,70.000000
732,-0.000000,M,-2147483648,2017-03-13,Jefferies,12 month,5,buy,70.000000
733,-0.000000,M,-2147483648,2017-02-22,Raymond James,12 month,5,outperform,68.000000
734,-22.850000,M,5,2017-02-08,Morgan Stanley,12 month,5,Overwt/In-Line,65.000000
735,-16.700000,M,4,2017-02-07,BMO Capital Markets,Not Provided,5,outperform,79.000000
736,-0.000000,M,-2147483648,2017-02-07,Stifel,12 month,5,buy,85.000000
737,-0.000000,M,-2147483648,2017-02-07,Oppenheimer & Co,12 month,5,outperform,70.000000
738,-22.850000,M,5,2017-05-03,Wells Fargo Securities,Not Provided,5,outperform,-0.000000
739,-22.850000,M,5,2017-05-02,Leerink Partners LLC,Not Provided,-2147483648,suspended coverage,-0.000000
740,-0.000000,M,-2147483648,2017-04-30,Canaccord Genuity,Not Provided,5,buy,91.000000
741,-22.850000,M,5,2017-04-28,Barclays,Not Provided,5,overweight,65.000000
742,0.000000,M,2,2017-04-19,J.P. Morgan,9 month,3,neutral,70.000000
743,-12.740000,M,3,2017-04-18,EVA Dimensions,Not Provided,5,overweight,-0.000000
744,-22.850000,M,5,2017-04-12,Mizuho Securities USA Inc,12 month,5,buy,73.000000
745,17.920000,M,1,2017-04-04,"Morningstar, Inc",Not Provided,5,buy,-0.000000
746,-22.850000,M,5,2017-03-31,Piper Jaffray,12 month,5,overweight,83.000000
747,-22.850000,M,5,2017-03-17,UBS,12 month,5,buy,70.000000
748,-0.000000,M,-2147483648,2017-03-13,Jefferies,12 month,5,buy,70.000000
749,-0.000000,M,-2147483648,2017-02-22,Raymond James,12 month,5,outperform,68.000000
750,-22.850000,M,5,2017-02-08,Morgan Stanley,12 month,5,Overwt/In-Line,65.000000
751,-16.700000,M,4,2017-02-07,BMO Capital Markets,Not Provided,5,outperform,79.000000
752,-0.000000,M,-2147483648,2017-02-07,Stifel,12 month,5,buy,85.000000
753,-0.000000,M,-2147483648,2017-02-07,Oppenheimer & Co,12 month,5,outperform,70.000000
