,index,Unnamed: 0,1 Year Return,Action Code,BARR,Date,Firm Name,Period,Rating,Recommendation,Target Price
0,0,0,-0.0,M,-2147483648,2005-12-08,UBS,12 month,3,neutral 1,24.67
1,1,1,-0.0,U,-2147483648,2005-12-06,Morgan Stanley,12 month,5,Overwt/In-Line,32.31
2,2,2,-0.0,M,-2147483648,2005-11-16,EVA Dimensions,Not Provided,3,hold,-0.0
3,3,3,-0.0,D,-2147483648,2005-10-26,Argus Research Corp,Not Provided,1,sell,-0.0
4,4,4,-0.0,D,-2147483648,2005-10-26,Prudential Equity Group Inc,Not Provided,3,neutral weight,19.38
5,5,5,-0.0,U,-2147483648,2005-10-14,Buckingham Research Group,Not Provided,4,accumulate,-0.0
6,6,6,-0.0,M,-2147483648,2005-10-14,Barclays,Not Provided,1,underwt/positive,20.56
7,7,7,-0.0,M,-2147483648,2005-10-12,Credit Suisse,12 month,5,outperform,29.37
8,8,8,-0.0,N,-2147483648,2005-08-30,Goldman Sachs,Not Provided,3,in-line/cautious,-0.0
9,9,9,-0.0,U,-2147483648,2005-02-04,J.P. Morgan,Not Provided,3,neutral,-0.0
10,10,10,-0.0,M,-2147483648,2006-01-27,Credit Suisse,12 month,5,outperform,29.37
11,11,11,-0.0,M,-2147483648,2006-01-26,Prudential Equity Group Inc,Not Provided,3,neutral weight,19.38
12,12,12,-0.0,U,-2147483648,2006-01-23,Goldman Sachs,Not Provided,5,outperf/neutral,-0.0
13,13,13,-0.0,M,-2147483648,2006-01-23,UBS,12 month,3,neutral 1,25.84
14,14,14,-0.0,U,-2147483648,2005-12-06,Morgan Stanley,12 month,5,Overwt/In-Line,32.31
15,15,15,-0.0,M,-2147483648,2005-11-16,EVA Dimensions,Not Provided,3,hold,-0.0
16,16,16,-0.0,D,-2147483648,2005-10-26,Argus Research Corp,Not Provided,1,sell,-0.0
17,17,17,-0.0,U,-2147483648,2005-10-14,Buckingham Research Group,Not Provided,4,accumulate,-0.0
18,18,18,-0.0,M,-2147483648,2005-10-14,Barclays,Not Provided,1,underwt/positive,20.56
19,19,19,-0.0,U,-2147483648,2005-02-04,J.P. Morgan,Not Provided,3,neutral,-0.0
20,20,20,-0.0,M,-2147483648,2006-02-15,Credit Suisse,12 month,5,outperform,29.37
21,21,21,-0.0,M,-2147483648,2006-02-07,UBS,12 month,3,neutral 1,25.84
22,22,22,-0.0,M,-2147483648,2006-02-07,Prudential Equity Group Inc,Not Provided,3,neutral weight,19.38
23,23,23,-0.0,M,-2147483648,2006-02-07,Barclays,Not Provided,1,underwt/positive,21.73
24,24,24,-0.0,U,-2147483648,2006-01-23,Goldman Sachs,Not Provided,5,outperf/neutral,-0.0
25,25,25,-0.0,U,-2147483648,2005-12-06,Morgan Stanley,12 month,5,Overwt/In-Line,32.31
26,26,26,-0.0,M,-2147483648,2005-11-16,EVA Dimensions,Not Provided,3,hold,-0.0
27,27,27,-0.0,D,-2147483648,2005-10-26,Argus Research Corp,Not Provided,1,sell,-0.0
28,28,28,-0.0,U,-2147483648,2005-10-14,Buckingham Research Group,Not Provided,4,accumulate,-0.0
29,29,29,-0.0,U,-2147483648,2005-02-04,J.P. Morgan,Not Provided,3,neutral,-0.0
30,30,30,-0.0,M,-2147483648,2006-03-13,Credit Suisse,12 month,5,outperform,29.37
31,31,31,-0.0,M,-2147483648,2006-03-02,EVA Dimensions,Not Provided,3,hold,-0.0
32,32,32,-0.0,M,-2147483648,2006-02-07,UBS,12 month,3,neutral 1,25.84
33,33,33,-0.0,M,-2147483648,2006-02-07,Prudential Equity Group Inc,Not Provided,3,neutral weight,19.38
34,34,34,-0.0,M,-2147483648,2006-02-07,Barclays,Not Provided,1,underwt/positive,21.73
35,35,35,-0.0,U,-2147483648,2006-01-23,Goldman Sachs,Not Provided,5,outperf/neutral,-0.0
36,36,36,-0.0,U,-2147483648,2005-12-06,Morgan Stanley,12 month,5,Overwt/In-Line,32.31
37,37,37,-0.0,D,-2147483648,2005-10-26,Argus Research Corp,Not Provided,1,sell,-0.0
38,38,38,-0.0,U,-2147483648,2005-10-14,Buckingham Research Group,Not Provided,4,accumulate,-0.0
39,39,39,-0.0,U,-2147483648,2005-02-04,J.P. Morgan,Not Provided,3,neutral,-0.0
40,40,40,-0.0,M,-2147483648,2006-04-27,Morgan Stanley,12 month,5,Overwt/Attractive,34.65
41,41,41,-0.0,M,-2147483648,2006-04-27,Credit Suisse,12 month,5,outperform,29.37
42,42,42,-0.0,M,-2147483648,2006-04-27,Barclays,Not Provided,1,underwt/positive,24.67
43,43,43,-0.0,M,-2147483648,2006-04-26,UBS,12 month,3,neutral 1,26.43
44,44,44,-0.0,M,-2147483648,2006-04-10,Prudential Equity Group Inc,Not Provided,3,neutral weight,26.43
45,45,45,-0.0,M,-2147483648,2006-03-02,EVA Dimensions,Not Provided,3,hold,-0.0
46,46,46,-0.0,U,-2147483648,2006-01-23,Goldman Sachs,Not Provided,5,outperf/neutral,-0.0
47,47,47,-0.0,U,-2147483648,2005-10-14,Buckingham Research Group,Not Provided,4,accumulate,-0.0
48,48,48,-0.0,U,-2147483648,2005-02-04,J.P. Morgan,Not Provided,3,neutral,-0.0
49,49,49,-0.0,M,-2147483648,2006-05-31,Morgan Stanley,12 month,5,Overwt/Attractive,31.13
50,50,50,-0.0,M,-2147483648,2006-05-30,Prudential Equity Group Inc,Not Provided,3,neutral weight,26.43
51,51,51,-0.0,M,-2147483648,2006-04-27,Credit Suisse,12 month,5,outperform,29.37
52,52,52,-0.0,M,-2147483648,2006-04-27,Barclays,Not Provided,1,underwt/positive,24.67
53,53,53,-0.0,M,-2147483648,2006-04-26,UBS,12 month,3,neutral 1,26.43
54,54,54,-0.0,M,-2147483648,2006-03-02,EVA Dimensions,Not Provided,3,hold,-0.0
55,55,55,-0.0,U,-2147483648,2006-01-23,Goldman Sachs,Not Provided,5,outperf/neutral,-0.0
56,56,56,-0.0,U,-2147483648,2005-10-14,Buckingham Research Group,Not Provided,4,accumulate,-0.0
57,57,57,-0.0,U,-2147483648,2005-02-04,J.P. Morgan,Not Provided,3,neutral,-0.0
58,58,58,-0.0,M,-2147483648,2006-06-26,Goldman Sachs,Not Provided,5,Buy/Neutral,29.37
59,59,59,-0.0,M,-2147483648,2006-06-20,Credit Suisse,12 month,5,outperform,29.37
60,60,60,-0.0,M,-2147483648,2006-06-09,EVA Dimensions,Not Provided,3,hold,-0.0
61,61,61,-0.0,M,-2147483648,2006-05-31,Morgan Stanley,12 month,5,Overwt/Attractive,31.13
62,62,62,-0.0,M,-2147483648,2006-05-30,Prudential Equity Group Inc,Not Provided,3,neutral weight,26.43
63,63,63,-0.0,M,-2147483648,2006-04-27,Barclays,Not Provided,1,underwt/positive,24.67
64,64,64,-0.0,M,-2147483648,2006-04-26,UBS,12 month,3,neutral 1,26.43
65,65,65,-0.0,U,-2147483648,2005-10-14,Buckingham Research Group,Not Provided,4,accumulate,-0.0
66,66,66,-0.0,U,-2147483648,2005-02-04,J.P. Morgan,Not Provided,3,neutral,-0.0
67,67,67,-0.0,M,-2147483648,2006-07-27,Credit Suisse,12 month,5,outperform,29.37
68,68,68,-0.0,M,-2147483648,2006-07-27,Barclays,12 month,3,equalwt/positive,27.61
69,69,69,-0.0,M,-2147483648,2006-07-26,Morgan Stanley,12 month,5,Overwt/Attractive,30.54
70,70,70,-0.0,M,-2147483648,2006-06-26,Goldman Sachs,Not Provided,5,Buy/Neutral,29.37
71,71,71,-0.0,M,-2147483648,2006-06-09,EVA Dimensions,Not Provided,3,hold,-0.0
72,72,72,-0.0,M,-2147483648,2006-05-30,Prudential Equity Group Inc,Not Provided,3,neutral weight,26.43
73,73,73,-0.0,M,-2147483648,2006-04-26,UBS,12 month,3,neutral 1,26.43
74,74,74,-0.0,U,-2147483648,2005-10-14,Buckingham Research Group,Not Provided,4,accumulate,-0.0
75,75,75,-0.0,U,-2147483648,2005-02-04,J.P. Morgan,Not Provided,3,neutral,-0.0
76,76,76,-0.0,M,-2147483648,2006-08-22,EVA Dimensions,Not Provided,3,hold,-0.0
77,77,77,-0.0,U,-2147483648,2006-08-03,Prudential Equity Group Inc,Not Provided,5,overweight,32.31
78,78,78,-0.0,M,-2147483648,2006-07-27,Credit Suisse,12 month,5,outperform,29.37
79,79,79,-0.0,M,-2147483648,2006-07-27,Barclays,12 month,3,equalwt/positive,27.61
80,80,80,-0.0,M,-2147483648,2006-07-26,Morgan Stanley,12 month,5,Overwt/Attractive,30.54
81,81,81,-0.0,M,-2147483648,2006-06-26,Goldman Sachs,Not Provided,5,Buy/Neutral,29.37
82,82,82,-0.0,M,-2147483648,2006-04-26,UBS,12 month,3,neutral 1,26.43
83,83,83,-0.0,U,-2147483648,2005-10-14,Buckingham Research Group,Not Provided,4,accumulate,-0.0
84,84,84,-0.0,U,-2147483648,2005-02-04,J.P. Morgan,Not Provided,3,neutral,-0.0
85,85,85,-0.0,M,-2147483648,2006-08-22,EVA Dimensions,Not Provided,3,hold,-0.0
86,86,86,-0.0,U,-2147483648,2006-08-03,Prudential Equity Group Inc,Not Provided,5,overweight,32.31
87,87,87,-0.0,M,-2147483648,2006-07-27,Credit Suisse,12 month,5,outperform,29.37
88,88,88,-0.0,M,-2147483648,2006-07-27,Barclays,12 month,3,equalwt/positive,27.61
89,89,89,-0.0,M,-2147483648,2006-07-26,Morgan Stanley,12 month,5,Overwt/Attractive,30.54
90,90,90,-0.0,M,-2147483648,2006-06-26,Goldman Sachs,Not Provided,5,Buy/Neutral,29.37
91,91,91,-0.0,M,-2147483648,2006-04-26,UBS,12 month,3,neutral 1,26.43
92,92,92,-0.0,U,-2147483648,2005-10-14,Buckingham Research Group,Not Provided,4,accumulate,-0.0
93,93,93,-0.0,U,-2147483648,2005-02-04,J.P. Morgan,Not Provided,3,neutral,-0.0
94,94,94,-0.0,M,-2147483648,2006-10-25,Morgan Stanley,12 month,5,Overwt/Attractive,29.37
95,95,95,-0.0,M,-2147483648,2006-10-25,Credit Suisse,12 month,5,outperform,29.37
96,96,96,-0.0,M,-2147483648,2006-10-25,Prudential Equity Group Inc,Not Provided,5,overweight,32.31
97,97,97,-0.0,M,-2147483648,2006-10-19,Barclays,12 month,3,equalwt/positive,28.19
98,98,98,-0.0,M,-2147483648,2006-10-13,UBS,12 month,3,neutral 1,24.67
99,99,99,-0.0,M,-2147483648,2006-08-22,EVA Dimensions,Not Provided,3,hold,-0.0
100,100,100,-0.0,M,-2147483648,2006-06-26,Goldman Sachs,Not Provided,5,Buy/Neutral,29.37
101,101,101,-0.0,U,-2147483648,2005-10-14,Buckingham Research Group,Not Provided,4,accumulate,-0.0
102,102,102,-0.0,U,-2147483648,2005-02-04,J.P. Morgan,Not Provided,3,neutral,-0.0
103,103,103,-0.0,U,-2147483648,2006-11-17,EVA Dimensions,Not Provided,5,buy,-0.0
104,104,104,-0.0,M,-2147483648,2006-10-25,Morgan Stanley,12 month,5,Overwt/Attractive,29.37
105,105,105,-0.0,M,-2147483648,2006-10-25,Credit Suisse,12 month,5,outperform,29.37
106,106,106,-0.0,M,-2147483648,2006-10-25,Prudential Equity Group Inc,Not Provided,5,overweight,32.31
107,107,107,-0.0,M,-2147483648,2006-10-19,Barclays,12 month,3,equalwt/positive,28.19
108,108,108,-0.0,M,-2147483648,2006-10-13,UBS,12 month,3,neutral 1,24.67
109,109,109,-0.0,M,-2147483648,2006-06-26,Goldman Sachs,Not Provided,5,Buy/Neutral,29.37
110,110,110,-0.0,U,-2147483648,2005-10-14,Buckingham Research Group,Not Provided,4,accumulate,-0.0
111,111,111,-0.0,U,-2147483648,2005-02-04,J.P. Morgan,Not Provided,3,neutral,-0.0
112,112,112,-0.0,M,-2147483648,2006-12-20,J.P. Morgan,Not Provided,3,neutral,-0.0
113,113,113,-0.0,U,-2147483648,2006-11-17,EVA Dimensions,Not Provided,5,buy,-0.0
114,114,114,-0.0,M,-2147483648,2006-10-25,Morgan Stanley,12 month,5,Overwt/Attractive,29.37
115,115,115,-0.0,M,-2147483648,2006-10-25,Credit Suisse,12 month,5,outperform,29.37
116,116,116,-0.0,M,-2147483648,2006-10-25,Prudential Equity Group Inc,Not Provided,5,overweight,32.31
117,117,117,-0.0,M,-2147483648,2006-10-19,Barclays,12 month,3,equalwt/positive,28.19
118,118,118,-0.0,M,-2147483648,2006-10-13,UBS,12 month,3,neutral 1,24.67
119,119,119,-0.0,M,-2147483648,2006-06-26,Goldman Sachs,Not Provided,5,Buy/Neutral,29.37
120,120,120,-0.0,U,-2147483648,2005-10-14,Buckingham Research Group,Not Provided,4,accumulate,-0.0
121,121,121,-0.0,M,-2147483648,2007-01-23,Morgan Stanley,12 month,5,Overwt/Attractive,32.31
122,122,122,-0.0,M,-2147483648,2007-01-23,Credit Suisse,12 month,5,outperform,29.37
123,123,123,-0.0,M,-2147483648,2007-01-09,UBS,12 month,3,neutral 1,27.02
124,124,124,-0.0,M,-2147483648,2007-01-08,Prudential Equity Group Inc,Not Provided,5,overweight,32.31
125,125,125,-0.0,M,-2147483648,2006-12-20,J.P. Morgan,Not Provided,3,neutral,-0.0
126,126,126,-0.0,U,-2147483648,2006-11-17,EVA Dimensions,Not Provided,5,buy,-0.0
127,127,127,-0.0,M,-2147483648,2006-10-19,Barclays,12 month,3,equalwt/positive,28.19
128,128,128,-0.0,M,-2147483648,2006-06-26,Goldman Sachs,Not Provided,5,Buy/Neutral,29.37
129,129,129,-0.0,U,-2147483648,2005-10-14,Buckingham Research Group,Not Provided,4,accumulate,-0.0
130,130,130,-0.0,D,-2147483648,2007-02-28,EVA Dimensions,Not Provided,3,hold,-0.0
131,131,131,-0.0,M,-2147483648,2007-02-27,UBS,Not Provided,3,neutral,39.35
132,132,132,-0.0,M,-2147483648,2007-02-27,Prudential Equity Group Inc,Not Provided,5,overweight,41.7
133,133,133,-0.0,M,-2147483648,2007-02-27,Barclays,12 month,3,equalwt/positive,38.18
134,134,134,-0.0,M,-2147483648,2007-02-26,Goldman Sachs,Not Provided,-2147483648,not rated,-0.0
135,135,135,-0.0,M,-2147483648,2007-02-26,Credit Suisse,12 month,5,outperform,41.12
136,136,136,-0.0,M,-2147483648,2007-01-23,Morgan Stanley,12 month,5,Overwt/Attractive,32.31
137,137,137,-0.0,M,-2147483648,2006-12-20,J.P. Morgan,Not Provided,3,neutral,-0.0
138,138,138,-0.0,U,-2147483648,2005-10-14,Buckingham Research Group,Not Provided,4,accumulate,-0.0
139,139,139,-0.0,M,-2147483648,2007-03-27,Credit Suisse,12 month,5,outperform,41.12
140,140,140,-0.0,U,-2147483648,2007-03-02,EVA Dimensions,Not Provided,5,buy,-0.0
141,141,141,-0.0,M,-2147483648,2007-02-27,UBS,Not Provided,3,neutral,39.35
142,142,142,-0.0,M,-2147483648,2007-02-27,Prudential Equity Group Inc,Not Provided,5,overweight,41.7
143,143,143,-0.0,M,-2147483648,2007-02-27,Barclays,12 month,3,equalwt/positive,38.18
144,144,144,-0.0,M,-2147483648,2007-02-26,Goldman Sachs,Not Provided,-2147483648,not rated,-0.0
145,145,145,-0.0,M,-2147483648,2007-01-23,Morgan Stanley,12 month,5,Overwt/Attractive,32.31
146,146,146,-0.0,M,-2147483648,2006-12-20,J.P. Morgan,Not Provided,3,neutral,-0.0
147,147,147,-0.0,U,-2147483648,2005-10-14,Buckingham Research Group,Not Provided,4,accumulate,-0.0
148,148,148,-0.0,M,-2147483648,2007-04-26,Prudential Equity Group Inc,Not Provided,3,neutral weight,38.77
149,149,149,-0.0,M,-2147483648,2007-04-25,Argus Research Corp,Not Provided,3,hold,-0.0
150,150,150,-0.0,M,-2147483648,2007-04-25,Credit Suisse,12 month,5,outperform,41.12
151,151,151,-0.0,M,-2147483648,2007-04-20,Barclays,12 month,3,equalwt/positive,39.35
152,152,152,-0.0,M,-2147483648,2007-04-18,Buckingham Research Group,Not Provided,4,accumulate,42.88
153,153,153,-0.0,M,-2147483648,2007-02-27,UBS,Not Provided,3,neutral,39.35
154,154,154,-0.0,M,-2147483648,2007-02-26,Goldman Sachs,Not Provided,-2147483648,not rated,-0.0
155,155,155,-0.0,M,-2147483648,2007-01-23,Morgan Stanley,12 month,5,Overwt/Attractive,32.31
156,156,156,-0.0,M,-2147483648,2006-12-20,J.P. Morgan,Not Provided,3,neutral,-0.0
157,157,157,-0.0,M,-2147483648,2007-05-22,EVA Dimensions,Not Provided,5,buy,-0.0
158,158,158,-0.0,M,-2147483648,2007-05-09,J.P. Morgan,Not Provided,3,neutral,-0.0
159,159,159,-0.0,M,-2147483648,2007-04-26,Prudential Equity Group Inc,Not Provided,3,neutral weight,38.77
160,160,160,-0.0,M,-2147483648,2007-04-25,Argus Research Corp,Not Provided,3,hold,-0.0
161,161,161,-0.0,M,-2147483648,2007-04-25,Credit Suisse,12 month,5,outperform,41.12
162,162,162,-0.0,M,-2147483648,2007-04-20,Barclays,12 month,3,equalwt/positive,39.35
163,163,163,-0.0,M,-2147483648,2007-04-18,Buckingham Research Group,Not Provided,4,accumulate,42.88
164,164,164,-0.0,M,-2147483648,2007-02-27,UBS,Not Provided,3,neutral,39.35
165,165,165,-0.0,M,-2147483648,2007-02-26,Goldman Sachs,Not Provided,-2147483648,not rated,-0.0
166,166,166,-0.0,M,-2147483648,2007-01-23,Morgan Stanley,12 month,5,Overwt/Attractive,32.31
167,167,167,-0.0,M,-2147483648,2007-06-14,Buckingham Research Group,Not Provided,4,accumulate,42.88
168,168,168,-0.0,D,-2147483648,2007-06-07,Morgan Stanley,12 month,3,Equalwt/Attractive,37.59
169,169,169,-0.0,M,-2147483648,2007-05-22,EVA Dimensions,Not Provided,5,buy,-0.0
170,170,170,-0.0,M,-2147483648,2007-05-09,J.P. Morgan,Not Provided,3,neutral,-0.0
171,171,171,-0.0,M,-2147483648,2007-04-25,Credit Suisse,12 month,5,outperform,41.12
172,172,172,-0.0,M,-2147483648,2007-04-20,Barclays,12 month,3,equalwt/positive,39.35
173,173,173,-0.0,M,-2147483648,2007-02-27,UBS,Not Provided,3,neutral,39.35
174,174,174,-0.0,M,-2147483648,2007-02-26,Goldman Sachs,Not Provided,-2147483648,not rated,-0.0
175,175,175,-0.0,M,-2147483648,2007-07-26,Barclays,12 month,3,equalwt/positive,41.7
176,176,176,-0.0,M,-2147483648,2007-07-25,Credit Suisse,12 month,5,outperform,41.12
177,177,177,-0.0,M,-2147483648,2007-06-14,Buckingham Research Group,Not Provided,4,accumulate,42.88
178,178,178,-0.0,D,-2147483648,2007-06-07,Morgan Stanley,12 month,3,Equalwt/Attractive,37.59
179,179,179,-0.0,M,-2147483648,2007-05-22,EVA Dimensions,Not Provided,5,buy,-0.0
180,180,180,-0.0,M,-2147483648,2007-05-09,J.P. Morgan,Not Provided,3,neutral,-0.0
181,181,181,-0.0,M,-2147483648,2007-02-27,UBS,Not Provided,3,neutral,39.35
182,182,182,-0.0,M,-2147483648,2007-02-26,Goldman Sachs,Not Provided,-2147483648,not rated,-0.0
183,183,183,-0.0,U,-2147483648,2007-08-20,EVA Dimensions,Not Provided,5,strong buy,-0.0
184,184,184,-0.0,M,-2147483648,2007-08-08,Morgan Stanley,12 month,3,Equalwt/Attractive,35.24
185,185,185,-0.0,M,-2147483648,2007-08-06,Credit Suisse,12 month,5,outperform,41.12
186,186,186,-0.0,M,-2147483648,2007-07-26,Barclays,12 month,3,equalwt/positive,41.7
187,187,187,-0.0,M,-2147483648,2007-06-14,Buckingham Research Group,Not Provided,4,accumulate,42.88
188,188,188,-0.0,M,-2147483648,2007-05-09,J.P. Morgan,Not Provided,3,neutral,-0.0
189,189,189,-0.0,M,-2147483648,2007-02-27,UBS,Not Provided,3,neutral,39.35
190,190,190,-0.0,M,-2147483648,2007-02-26,Goldman Sachs,Not Provided,-2147483648,not rated,-0.0
191,191,191,-0.0,M,-2147483648,2007-10-01,UBS,12 month,5,buy,35.83
192,192,192,-0.0,N,-2147483648,2007-09-25,Longbow Research,Not Provided,3,neutral,-0.0
193,193,193,-0.0,M,-2147483648,2007-09-05,Credit Suisse,12 month,5,outperform,38.77
194,194,194,-0.0,U,-2147483648,2007-08-20,EVA Dimensions,Not Provided,5,strong buy,-0.0
195,195,195,-0.0,M,-2147483648,2007-08-08,Morgan Stanley,12 month,3,Equalwt/Attractive,35.24
196,196,196,-0.0,M,-2147483648,2007-07-26,Barclays,12 month,3,equalwt/positive,41.7
197,197,197,-0.0,M,-2147483648,2007-06-14,Buckingham Research Group,Not Provided,4,accumulate,42.88
198,198,198,-0.0,M,-2147483648,2007-05-09,J.P. Morgan,Not Provided,3,neutral,-0.0
199,199,199,-0.0,M,-2147483648,2007-02-26,Goldman Sachs,Not Provided,-2147483648,not rated,-0.0
200,200,200,-0.0,M,-2147483648,2007-10-17,EVA Dimensions,Not Provided,5,strong buy,-0.0
201,201,201,-0.0,M,-2147483648,2007-10-16,Barclays,Not Provided,5,overwt/positive,42.29
202,202,202,-0.0,M,-2147483648,2007-10-10,Credit Suisse,12 month,5,outperform,38.77
203,203,203,-0.0,M,-2147483648,2007-10-10,J.P. Morgan,Not Provided,3,neutral,-0.0
204,204,204,-0.0,M,-2147483648,2007-10-01,UBS,12 month,5,buy,35.83
205,205,205,-0.0,N,-2147483648,2007-09-25,Longbow Research,Not Provided,3,neutral,-0.0
206,206,206,-0.0,M,-2147483648,2007-06-14,Buckingham Research Group,Not Provided,4,accumulate,42.88
207,207,207,-0.0,M,-2147483648,2007-02-26,Goldman Sachs,Not Provided,-2147483648,not rated,-0.0
208,208,208,-0.0,M,-2147483648,2007-10-17,EVA Dimensions,Not Provided,5,strong buy,-0.0
209,209,209,-0.0,M,-2147483648,2007-10-16,Barclays,Not Provided,5,overwt/positive,42.29
210,210,210,-0.0,M,-2147483648,2007-10-10,Credit Suisse,12 month,5,outperform,38.77
211,211,211,-0.0,M,-2147483648,2007-10-10,J.P. Morgan,Not Provided,3,neutral,-0.0
212,212,212,-0.0,M,-2147483648,2007-10-01,UBS,12 month,5,buy,35.83
213,213,213,-0.0,N,-2147483648,2007-09-25,Longbow Research,Not Provided,3,neutral,-0.0
214,214,214,-0.0,M,-2147483648,2007-06-14,Buckingham Research Group,Not Provided,4,accumulate,42.88
215,215,215,-0.0,M,-2147483648,2007-02-26,Goldman Sachs,Not Provided,-2147483648,not rated,-0.0
216,216,216,-0.0,M,-2147483648,2007-12-21,Longbow Research,Not Provided,3,neutral,-0.0
217,217,217,-0.0,M,-2147483648,2007-12-11,UBS,12 month,5,buy,29.96
218,218,218,-0.0,M,-2147483648,2007-12-11,Barclays,Not Provided,5,overwt/positive,34.07
219,219,219,-0.0,M,-2147483648,2007-10-17,EVA Dimensions,Not Provided,5,strong buy,-0.0
220,220,220,-0.0,M,-2147483648,2007-10-10,Credit Suisse,12 month,5,outperform,38.77
221,221,221,-0.0,M,-2147483648,2007-10-10,J.P. Morgan,Not Provided,3,neutral,-0.0
222,222,222,-0.0,M,-2147483648,2007-06-14,Buckingham Research Group,Not Provided,4,accumulate,42.88
223,223,223,-0.0,M,-2147483648,2007-02-26,Goldman Sachs,Not Provided,-2147483648,not rated,-0.0
224,224,224,-0.0,D,-2147483648,2008-01-23,Barclays,Not Provided,3,equalwt/positive,20.0
225,225,225,-0.0,M,-2147483648,2008-01-11,Goldman Sachs,12 month,5,Buy/Cautious,23.0
226,226,226,-0.0,M,-2147483648,2008-01-11,Credit Suisse,12 month,3,neutral,18.0
227,227,227,-0.0,M,-2147483648,2008-01-08,UBS,12 month,5,buy,25.0
228,228,228,-0.0,M,-2147483648,2008-01-03,EVA Dimensions,Not Provided,5,strong buy,-0.0
229,229,229,-0.0,M,-2147483648,2007-12-21,Longbow Research,Not Provided,3,neutral,-0.0
230,230,230,-0.0,M,-2147483648,2007-10-10,J.P. Morgan,Not Provided,3,neutral,-0.0
231,231,231,-0.0,M,-2147483648,2007-06-14,Buckingham Research Group,Not Provided,4,accumulate,42.88
232,232,232,-0.0,D,-2147483648,2008-02-26,EVA Dimensions,Not Provided,5,buy,-0.0
233,233,233,-0.0,D,-2147483648,2008-02-07,Goldman Sachs,Not Provided,3,neutral/cautious,18.0
234,234,234,-0.0,M,-2147483648,2008-02-07,Buckingham Research Group,Not Provided,4,accumulate,23.0
235,235,235,-0.0,M,-2147483648,2008-02-07,Barclays,Not Provided,3,equalwt/positive,19.0
236,236,236,-0.0,M,-2147483648,2008-02-06,Credit Suisse,12 month,3,neutral,18.0
237,237,237,-0.0,M,-2147483648,2008-02-06,J.P. Morgan,Not Provided,3,neutral,-0.0
238,238,238,-0.0,M,-2147483648,2008-01-08,UBS,12 month,5,buy,25.0
239,239,239,-0.0,M,-2147483648,2007-12-21,Longbow Research,Not Provided,3,neutral,-0.0
240,240,240,-0.0,M,-2147483648,2008-03-19,Buckingham Research Group,Not Provided,4,accumulate,20.0
241,241,241,-0.0,D,-2147483648,2008-03-07,EVA Dimensions,Not Provided,3,hold,-0.0
242,242,242,-0.0,D,-2147483648,2008-02-07,Goldman Sachs,Not Provided,3,neutral/cautious,18.0
243,243,243,-0.0,M,-2147483648,2008-02-07,Barclays,Not Provided,3,equalwt/positive,19.0
244,244,244,-0.0,M,-2147483648,2008-02-06,Credit Suisse,12 month,3,neutral,18.0
245,245,245,-0.0,M,-2147483648,2008-02-06,J.P. Morgan,Not Provided,3,neutral,-0.0
246,246,246,-0.0,M,-2147483648,2008-01-08,UBS,12 month,5,buy,25.0
247,247,247,-0.0,M,-2147483648,2007-12-21,Longbow Research,Not Provided,3,neutral,-0.0
248,248,248,-0.0,M,-2147483648,2008-04-30,Goldman Sachs,6 month,3,neutral/cautious,13.0
249,249,249,-0.0,M,-2147483648,2008-04-30,UBS,12 month,5,buy,25.0
250,250,250,-0.0,M,-2147483648,2008-04-30,J.P. Morgan,Not Provided,3,neutral,-0.0
251,251,251,-0.0,U,-2147483648,2008-04-30,Buckingham Research Group,Not Provided,5,strong buy,20.0
252,252,252,-0.0,M,-2147483648,2008-04-29,Credit Suisse,12 month,3,neutral,14.0
253,253,253,-0.0,M,-2147483648,2008-04-18,Barclays,Not Provided,3,equalwt/positive,16.0
254,254,254,-0.0,D,-2147483648,2008-03-07,EVA Dimensions,Not Provided,3,hold,-0.0
255,255,255,-0.0,M,-2147483648,2007-12-21,Longbow Research,Not Provided,3,neutral,-0.0
256,256,256,-0.0,U,-2147483648,2008-05-15,Longbow Research,Not Provided,5,buy,-0.0
257,257,257,-0.0,M,-2147483648,2008-04-30,Goldman Sachs,6 month,3,neutral/cautious,13.0
258,258,258,-0.0,M,-2147483648,2008-04-30,UBS,12 month,5,buy,25.0
259,259,259,-0.0,M,-2147483648,2008-04-30,J.P. Morgan,Not Provided,3,neutral,-0.0
260,260,260,-0.0,U,-2147483648,2008-04-30,Buckingham Research Group,Not Provided,5,strong buy,20.0
261,261,261,-0.0,M,-2147483648,2008-04-29,Credit Suisse,12 month,3,neutral,14.0
262,262,262,-0.0,M,-2147483648,2008-04-18,Barclays,Not Provided,3,equalwt/positive,16.0
263,263,263,-0.0,D,-2147483648,2008-03-07,EVA Dimensions,Not Provided,3,hold,-0.0
264,264,264,-0.0,M,-2147483648,2008-06-26,J.P. Morgan,Not Provided,3,neutral,-0.0
265,265,265,-0.0,M,-2147483648,2008-06-26,Buckingham Research Group,Not Provided,5,strong buy,20.0
266,266,266,-0.0,M,-2147483648,2008-06-18,Goldman Sachs,6 month,3,neutral/cautious,14.0
267,267,267,-0.0,D,-2147483648,2008-06-03,EVA Dimensions,Not Provided,1,strong sell,-0.0
268,268,268,-0.0,U,-2147483648,2008-05-15,Longbow Research,Not Provided,5,buy,-0.0
269,269,269,-0.0,M,-2147483648,2008-04-30,UBS,12 month,5,buy,25.0
270,270,270,-0.0,M,-2147483648,2008-04-29,Credit Suisse,12 month,3,neutral,14.0
271,271,271,-0.0,M,-2147483648,2008-04-18,Barclays,Not Provided,3,equalwt/positive,16.0
272,272,272,-0.0,M,-2147483648,2008-07-31,Goldman Sachs,6 month,3,neutral/cautious,16.0
273,273,273,-0.0,M,-2147483648,2008-07-31,UBS,12 month,5,buy,25.0
274,274,274,-0.0,M,-2147483648,2008-07-31,Buckingham Research Group,Not Provided,5,strong buy,20.0
275,275,275,-0.0,M,-2147483648,2008-07-31,Longbow Research,Not Provided,5,buy,19.0
276,276,276,-0.0,D,-2147483648,2008-07-30,Credit Suisse,12 month,3,neutral,14.0
277,277,277,-0.0,M,-2147483648,2008-06-26,J.P. Morgan,Not Provided,3,neutral,-0.0
278,278,278,-0.0,D,-2147483648,2008-06-03,EVA Dimensions,Not Provided,1,strong sell,-0.0
279,279,279,-0.0,M,-2147483648,2008-04-18,Barclays,Not Provided,3,equalwt/positive,16.0
280,280,280,-0.0,M,-2147483648,2008-07-31,Goldman Sachs,6 month,3,neutral/cautious,16.0
281,281,281,-0.0,M,-2147483648,2008-07-31,UBS,12 month,5,buy,25.0
282,282,282,-0.0,M,-2147483648,2008-07-31,Buckingham Research Group,Not Provided,5,strong buy,20.0
283,283,283,-0.0,M,-2147483648,2008-07-31,Longbow Research,Not Provided,5,buy,19.0
284,284,284,-0.0,D,-2147483648,2008-07-30,Credit Suisse,12 month,3,neutral,14.0
285,285,285,-0.0,M,-2147483648,2008-06-26,J.P. Morgan,Not Provided,3,neutral,-0.0
286,286,286,-0.0,D,-2147483648,2008-06-03,EVA Dimensions,Not Provided,1,strong sell,-0.0
287,287,287,-0.0,M,-2147483648,2008-04-18,Barclays,Not Provided,3,equalwt/positive,16.0
288,288,288,-0.0,M,-2147483648,2008-09-24,Barclays,Not Provided,3,equalwt/positive,19.0
289,289,289,-0.0,M,-2147483648,2008-09-23,Goldman Sachs,6 month,3,neutral/cautious,20.0
290,290,290,-0.0,M,-2147483648,2008-09-22,Buckingham Research Group,Not Provided,4,accumulate,22.0
291,291,291,-0.0,M,-2147483648,2008-07-31,UBS,12 month,5,buy,25.0
292,292,292,-0.0,M,-2147483648,2008-07-31,Longbow Research,Not Provided,5,buy,19.0
293,293,293,-0.0,D,-2147483648,2008-07-30,Credit Suisse,12 month,3,neutral,14.0
294,294,294,-0.0,M,-2147483648,2008-06-26,J.P. Morgan,Not Provided,3,neutral,-0.0
295,295,295,-0.0,D,-2147483648,2008-06-03,EVA Dimensions,Not Provided,1,strong sell,-0.0
296,296,296,-0.0,M,-2147483648,2008-10-29,UBS,Not Provided,5,buy,11.0
297,297,297,-0.0,M,-2147483648,2008-10-29,Buckingham Research Group,Not Provided,4,accumulate,16.0
298,298,298,-0.0,M,-2147483648,2008-10-29,Longbow Research,Not Provided,5,buy,12.0
299,299,299,-0.0,M,-2147483648,2008-10-29,Barclays,Not Provided,3,equalwt/positive,11.0
300,300,300,-0.0,M,-2147483648,2008-10-28,Credit Suisse,Not Provided,3,neutral,11.0
301,301,301,-0.0,M,-2147483648,2008-10-16,EVA Dimensions,Not Provided,1,strong sell,-0.0
302,302,302,-0.0,M,-2147483648,2008-10-15,Goldman Sachs,6 month,3,neutral/cautious,15.0
303,303,303,-0.0,M,-2147483648,2008-06-26,J.P. Morgan,Not Provided,3,neutral,-0.0
304,304,304,-0.0,D,-2147483648,2008-11-11,Longbow Research,Not Provided,3,neutral,-0.0
305,305,305,-0.0,M,-2147483648,2008-11-03,Goldman Sachs,6 month,3,neutral/cautious,4.0
306,306,306,-0.0,M,-2147483648,2008-10-29,UBS,Not Provided,5,buy,11.0
307,307,307,-0.0,M,-2147483648,2008-10-29,Buckingham Research Group,Not Provided,4,accumulate,16.0
308,308,308,-0.0,M,-2147483648,2008-10-29,Barclays,Not Provided,3,equalwt/positive,11.0
309,309,309,-0.0,M,-2147483648,2008-10-28,Credit Suisse,Not Provided,3,neutral,11.0
310,310,310,-0.0,M,-2147483648,2008-10-16,EVA Dimensions,Not Provided,1,strong sell,-0.0
311,311,311,-0.0,M,-2147483648,2008-06-26,J.P. Morgan,Not Provided,3,neutral,-0.0
312,312,312,-0.0,M,-2147483648,2009-01-01,J.P. Morgan,12 month,3,neutral,7.0
313,313,313,-0.0,M,-2147483648,2008-12-30,Credit Suisse,Not Provided,3,neutral,7.0
314,314,314,-0.0,M,-2147483648,2008-12-11,Goldman Sachs,6 month,3,neutral/cautious,3.0
315,315,315,-0.0,M,-2147483648,2008-12-05,Buckingham Research Group,Not Provided,4,accumulate,15.0
316,316,316,-0.0,D,-2147483648,2008-11-11,Longbow Research,Not Provided,3,neutral,-0.0
317,317,317,-0.0,M,-2147483648,2008-10-29,UBS,Not Provided,5,buy,11.0
318,318,318,-0.0,M,-2147483648,2008-10-29,Barclays,Not Provided,3,equalwt/positive,11.0
319,319,319,-0.0,M,-2147483648,2008-10-16,EVA Dimensions,Not Provided,1,strong sell,-0.0
320,320,320,-0.0,M,-2147483648,2009-01-28,Goldman Sachs,6 month,3,neutral/cautious,5.5
321,321,321,-0.0,M,-2147483648,2009-01-28,UBS,Not Provided,5,buy,11.0
322,322,322,-0.0,M,-2147483648,2009-01-28,Buckingham Research Group,Not Provided,4,accumulate,15.0
323,323,323,-0.0,M,-2147483648,2009-01-28,Barclays,Not Provided,3,equalwt/positive,5.5
324,324,324,-0.0,M,-2147483648,2009-01-07,J.P. Morgan,Not Provided,3,neutral,-0.0
325,325,325,-0.0,M,-2147483648,2009-01-07,EVA Dimensions,Not Provided,1,strong sell,-0.0
326,326,326,-0.0,D,-2147483648,2008-11-11,Longbow Research,Not Provided,3,neutral,-0.0
327,327,327,-0.0,M,-2147483648,2009-01-28,Goldman Sachs,6 month,3,neutral/cautious,5.5
328,328,328,-0.0,M,-2147483648,2009-01-28,UBS,Not Provided,5,buy,11.0
329,329,329,-0.0,M,-2147483648,2009-01-28,Buckingham Research Group,Not Provided,4,accumulate,15.0
330,330,330,-0.0,M,-2147483648,2009-01-28,Barclays,Not Provided,3,equalwt/positive,5.5
331,331,331,-0.0,M,-2147483648,2009-01-07,J.P. Morgan,Not Provided,3,neutral,-0.0
332,332,332,-0.0,M,-2147483648,2009-01-07,EVA Dimensions,Not Provided,1,strong sell,-0.0
333,333,333,-0.0,D,-2147483648,2008-11-11,Longbow Research,Not Provided,3,neutral,-0.0
334,334,334,-0.0,M,-2147483648,2009-03-20,Buckingham Research Group,Not Provided,4,accumulate,15.0
335,335,335,-0.0,M,-2147483648,2009-03-11,Goldman Sachs,6 month,3,neutral/cautious,3.5
336,336,336,-0.0,M,-2147483648,2009-01-28,UBS,Not Provided,5,buy,11.0
337,337,337,-0.0,M,-2147483648,2009-01-28,Barclays,Not Provided,3,equalwt/positive,5.5
338,338,338,-0.0,M,-2147483648,2009-01-07,J.P. Morgan,Not Provided,3,neutral,-0.0
339,339,339,-0.0,M,-2147483648,2009-01-07,EVA Dimensions,Not Provided,1,strong sell,-0.0
340,340,340,-0.0,D,-2147483648,2008-11-11,Longbow Research,Not Provided,3,neutral,-0.0
341,341,341,-0.0,M,-2147483648,2009-04-23,UBS,Not Provided,5,buy,12.0
342,342,342,-0.0,M,-2147483648,2009-04-23,Barclays,Not Provided,3,equalwt/positive,7.5
343,343,343,-0.0,U,-2147483648,2009-04-22,Goldman Sachs,6 month,5,Buy/Cautious,11.0
344,344,344,-0.0,M,-2147483648,2009-04-22,J.P. Morgan,9 month,3,neutral,10.0
345,345,345,-0.0,M,-2147483648,2009-04-22,Buckingham Research Group,Not Provided,4,accumulate,15.0
346,346,346,-0.0,M,-2147483648,2009-01-07,EVA Dimensions,Not Provided,1,strong sell,-0.0
347,347,347,-0.0,D,-2147483648,2008-11-11,Longbow Research,Not Provided,3,neutral,-0.0
348,348,348,-0.0,M,-2147483648,2009-05-21,Credit Suisse,Not Provided,5,outperform,15.0
349,349,349,-0.0,M,-2147483648,2009-05-10,Goldman Sachs,12 month,5,Buy/Neutral,17.0
350,350,350,-0.0,M,-2147483648,2009-04-23,UBS,Not Provided,5,buy,12.0
351,351,351,-0.0,M,-2147483648,2009-04-23,Barclays,Not Provided,3,equalwt/positive,7.5
352,352,352,-0.0,M,-2147483648,2009-04-22,J.P. Morgan,9 month,3,neutral,10.0
353,353,353,-0.0,M,-2147483648,2009-04-22,Buckingham Research Group,Not Provided,4,accumulate,15.0
354,354,354,-0.0,M,-2147483648,2009-01-07,EVA Dimensions,Not Provided,1,strong sell,-0.0
355,355,355,-0.0,D,-2147483648,2008-11-11,Longbow Research,Not Provided,3,neutral,-0.0
356,356,356,-0.0,M,-2147483648,2009-06-29,Credit Suisse,Not Provided,5,outperform,16.0
357,357,357,-0.0,M,-2147483648,2009-06-17,J.P. Morgan,6 month,3,neutral,12.0
358,358,358,-0.0,D,-2147483648,2009-06-11,UBS,Not Provided,3,neutral,15.0
359,359,359,-0.0,D,-2147483648,2009-06-05,Buckingham Research Group,Not Provided,3,neutral,-0.0
360,360,360,-0.0,M,-2147483648,2009-05-10,Goldman Sachs,12 month,5,Buy/Neutral,17.0
361,361,361,-0.0,M,-2147483648,2009-04-23,Barclays,Not Provided,3,equalwt/positive,7.5
362,362,362,-0.0,M,-2147483648,2009-01-07,EVA Dimensions,Not Provided,1,strong sell,-0.0
363,363,363,-0.0,D,-2147483648,2008-11-11,Longbow Research,Not Provided,3,neutral,-0.0
364,364,364,-0.0,M,-2147483648,2009-08-01,EVA Dimensions,Not Provided,1,sell,-0.0
365,365,365,-0.0,U,-2147483648,2009-07-24,UBS,Not Provided,5,buy,17.0
366,366,366,-0.0,M,-2147483648,2009-07-24,Barclays,Not Provided,3,equalwt/positive,15.0
367,367,367,-0.0,M,-2147483648,2009-07-23,Goldman Sachs,12 month,5,Buy/Neutral,19.0
368,368,368,-0.0,M,-2147483648,2009-07-23,Credit Suisse,Not Provided,5,outperform,17.0
369,369,369,-0.0,M,-2147483648,2009-07-23,J.P. Morgan,18 month,3,neutral,16.5
370,370,370,-0.0,M,-2147483648,2009-07-23,Buckingham Research Group,12 month,4,accumulate,18.0
371,371,371,-0.0,D,-2147483648,2008-11-11,Longbow Research,Not Provided,3,neutral,-0.0
372,372,372,-0.0,M,-2147483648,2009-09-01,Credit Suisse,Not Provided,5,outperform,19.0
373,373,373,-0.0,M,-2147483648,2009-08-31,Goldman Sachs,12 month,5,Buy/Neutral,21.0
374,374,374,-0.0,D,-2147483648,2009-08-14,Buckingham Research Group,Not Provided,3,neutral,-0.0
375,375,375,-0.0,M,-2147483648,2009-08-13,EVA Dimensions,Not Provided,1,sell,-0.0
376,376,376,-0.0,U,-2147483648,2009-07-24,UBS,Not Provided,5,buy,17.0
377,377,377,-0.0,M,-2147483648,2009-07-24,Barclays,Not Provided,3,equalwt/positive,15.0
378,378,378,-0.0,M,-2147483648,2009-07-23,J.P. Morgan,18 month,3,neutral,16.5
379,379,379,-0.0,D,-2147483648,2008-11-11,Longbow Research,Not Provided,3,neutral,-0.0
380,380,380,-0.0,N,-2147483648,2009-09-29,Soleil Securities,12 month,5,buy,23.0
381,381,381,-0.0,M,-2147483648,2009-09-25,UBS,Not Provided,5,buy,22.0
382,382,382,-0.0,M,-2147483648,2009-09-18,Sterne Agee CRT,12 month,3,neutral,19.0
383,383,383,-0.0,M,-2147483648,2009-09-08,J.P. Morgan,15 month,3,neutral,16.5
384,384,384,-0.0,M,-2147483648,2009-09-02,Credit Suisse,Not Provided,5,outperform,19.0
385,385,385,-0.0,M,-2147483648,2009-08-31,Goldman Sachs,12 month,5,Buy/Neutral,21.0
386,386,386,-0.0,D,-2147483648,2009-08-14,Buckingham Research Group,Not Provided,3,neutral,-0.0
387,387,387,-0.0,M,-2147483648,2009-08-13,EVA Dimensions,Not Provided,1,sell,-0.0
388,388,388,-0.0,M,-2147483648,2009-07-24,Barclays,Not Provided,3,equalwt/positive,15.0
389,389,389,-0.0,D,-2147483648,2008-11-11,Longbow Research,Not Provided,3,neutral,-0.0
390,390,390,-0.0,M,-2147483648,2009-10-23,Credit Suisse,Not Provided,5,outperform,21.0
391,391,391,-0.0,M,-2147483648,2009-10-23,UBS,Not Provided,5,buy,22.0
392,392,392,-0.0,M,-2147483648,2009-10-23,Sterne Agee CRT,12 month,3,neutral,19.0
393,393,393,-0.0,M,-2147483648,2009-10-23,Barclays,Not Provided,3,equalwt/positive,19.0
394,394,394,-0.0,M,-2147483648,2009-10-22,J.P. Morgan,12 month,3,neutral,20.0
395,395,395,-0.0,M,-2147483648,2009-10-22,Buckingham Research Group,Not Provided,4,accumulate,22.0
396,396,396,-0.0,M,-2147483648,2009-10-22,Soleil Securities,12 month,5,buy,23.0
397,397,397,-0.0,U,-2147483648,2009-10-14,Longbow Research,Not Provided,5,buy,22.0
398,398,398,-0.0,M,-2147483648,2009-08-31,Goldman Sachs,12 month,5,Buy/Neutral,21.0
399,399,399,-0.0,M,-2147483648,2009-08-13,EVA Dimensions,Not Provided,1,sell,-0.0
400,400,400,-0.0,M,-2147483648,2009-11-25,Goldman Sachs,12 month,5,Buy/Neutral,22.0
401,401,401,-0.0,M,-2147483648,2009-11-23,Soleil Securities,12 month,5,buy,23.0
402,402,402,-0.0,U,-2147483648,2009-11-23,EVA Dimensions,Not Provided,3,hold,-0.0
403,403,403,-0.0,M,-2147483648,2009-11-20,Credit Suisse,Not Provided,5,outperform,23.0
404,404,404,-0.0,M,-2147483648,2009-11-03,Sterne Agee CRT,12 month,3,neutral,19.0
405,405,405,-0.0,M,-2147483648,2009-10-23,UBS,Not Provided,5,buy,22.0
406,406,406,-0.0,M,-2147483648,2009-10-23,Barclays,Not Provided,3,equalwt/positive,19.0
407,407,407,-0.0,M,-2147483648,2009-10-22,J.P. Morgan,12 month,3,neutral,20.0
408,408,408,-0.0,M,-2147483648,2009-10-22,Buckingham Research Group,Not Provided,4,accumulate,22.0
409,409,409,-0.0,U,-2147483648,2009-10-14,Longbow Research,Not Provided,5,buy,22.0
410,410,410,-0.0,M,-2147483648,2009-12-21,Soleil Securities,12 month,5,buy,23.0
411,411,411,-0.0,D,-2147483648,2009-12-16,EVA Dimensions,Not Provided,1,sell,-0.0
412,412,412,-0.0,M,-2147483648,2009-12-15,Longbow Research,Not Provided,5,buy,25.0
413,413,413,-0.0,M,-2147483648,2009-12-04,Sterne Agee CRT,12 month,3,neutral,19.0
414,414,414,-0.0,M,-2147483648,2009-11-25,Goldman Sachs,12 month,5,Buy/Neutral,22.0
415,415,415,-0.0,M,-2147483648,2009-11-20,Credit Suisse,Not Provided,5,outperform,23.0
416,416,416,-0.0,M,-2147483648,2009-10-23,UBS,Not Provided,5,buy,22.0
417,417,417,-0.0,M,-2147483648,2009-10-23,Barclays,Not Provided,3,equalwt/positive,19.0
418,418,418,-0.0,M,-2147483648,2009-10-22,J.P. Morgan,12 month,3,neutral,20.0
419,419,419,-0.0,M,-2147483648,2009-10-22,Buckingham Research Group,Not Provided,4,accumulate,22.0
420,420,420,-0.0,M,-2147483648,2010-01-25,Goldman Sachs,12 month,5,Buy/Neutral,24.0
421,421,421,-0.0,M,-2147483648,2010-01-25,Sterne Agee CRT,12 month,3,neutral,19.0
422,422,422,-0.0,M,-2147483648,2010-01-22,Credit Suisse,Not Provided,5,outperform,23.0
423,423,423,-0.0,U,-2147483648,2010-01-22,Buckingham Research Group,Not Provided,5,buy,23.0
424,424,424,-0.0,M,-2147483648,2010-01-22,Soleil Securities,12 month,5,buy,23.0
425,425,425,-0.0,M,-2147483648,2010-01-22,Barclays,Not Provided,3,equalwt/positive,19.0
426,426,426,-0.0,M,-2147483648,2010-01-08,UBS,Not Provided,5,buy,27.0
427,427,427,-0.0,U,-2147483648,2010-01-07,EVA Dimensions,Not Provided,3,hold,-0.0
428,428,428,-0.0,M,-2147483648,2009-12-15,Longbow Research,Not Provided,5,buy,25.0
429,429,429,-0.0,M,-2147483648,2009-10-22,J.P. Morgan,12 month,3,neutral,20.0
430,430,430,-0.0,M,-2147483648,2010-02-10,Goldman Sachs,12 month,5,Buy/Neutral,22.0
431,431,431,-0.0,M,-2147483648,2010-02-10,Credit Suisse,Not Provided,5,outperform,24.0
432,432,432,-0.0,M,-2147483648,2010-02-10,Barclays,Not Provided,3,equalwt/positive,20.0
433,433,433,-0.0,M,-2147483648,2010-02-09,J.P. Morgan,12 month,3,neutral,19.0
434,434,434,-0.0,M,-2147483648,2010-02-09,Buckingham Research Group,12 month,5,buy,23.0
435,435,435,-0.0,M,-2147483648,2010-02-09,Soleil Securities,12 month,5,buy,23.0
436,436,436,-0.0,D,-2147483648,2010-02-05,EVA Dimensions,Not Provided,1,sell,-0.0
437,437,437,-0.0,M,-2147483648,2010-01-08,UBS,Not Provided,5,buy,27.0
438,438,438,-0.0,M,-2147483648,2009-12-15,Longbow Research,Not Provided,5,buy,25.0
439,439,439,-0.0,M,-2147483648,2010-04-01,Soleil Securities,12 month,5,buy,26.0
440,440,440,-0.0,M,-2147483648,2010-03-16,Goldman Sachs,12 month,5,Buy/Neutral,25.0
441,441,441,-0.0,D,-2147483648,2010-03-11,EVA Dimensions,Not Provided,1,sell,-0.0
442,442,442,-0.0,M,-2147483648,2010-03-09,UBS,Not Provided,5,buy,29.0
443,443,443,-0.0,M,-2147483648,2010-02-10,Credit Suisse,Not Provided,5,outperform,24.0
444,444,444,-0.0,M,-2147483648,2010-02-10,Barclays,Not Provided,3,equalwt/positive,20.0
445,445,445,-0.0,M,-2147483648,2010-02-09,J.P. Morgan,12 month,3,neutral,19.0
446,446,446,-0.0,M,-2147483648,2010-02-09,Buckingham Research Group,12 month,5,buy,23.0
447,447,447,-0.0,M,-2147483648,2009-12-15,Longbow Research,Not Provided,5,buy,25.0
448,448,448,-0.0,M,-2147483648,2010-04-22,Goldman Sachs,12 month,5,Buy/Neutral,28.0
449,449,449,-0.0,M,-2147483648,2010-04-22,Longbow Research,Not Provided,5,buy,28.0
450,450,450,-0.0,M,-2147483648,2010-04-22,Barclays,Not Provided,3,equalwt/positive,24.0
451,451,451,-0.0,M,-2147483648,2010-04-21,Credit Suisse,Not Provided,5,outperform,26.0
452,452,452,-0.0,M,-2147483648,2010-04-21,J.P. Morgan,9 month,3,neutral,24.0
453,453,453,-0.0,M,-2147483648,2010-04-21,Buckingham Research Group,12 month,5,buy,27.0
454,454,454,-0.0,M,-2147483648,2010-04-21,Soleil Securities,12 month,5,buy,29.0
455,455,455,-0.0,D,-2147483648,2010-03-11,EVA Dimensions,Not Provided,1,sell,-0.0
456,456,456,-0.0,M,-2147483648,2010-03-09,UBS,Not Provided,5,buy,29.0
457,457,457,-0.0,M,-2147483648,2010-05-26,Goldman Sachs,12 month,5,Buy/Neutral,24.0
458,458,458,-0.0,M,-2147483648,2010-05-25,Soleil Securities,12 month,5,buy,29.0
459,459,459,-0.0,M,-2147483648,2010-04-22,Longbow Research,Not Provided,5,buy,28.0
460,460,460,-0.0,M,-2147483648,2010-04-22,Barclays,Not Provided,3,equalwt/positive,24.0
461,461,461,-0.0,M,-2147483648,2010-04-21,Credit Suisse,Not Provided,5,outperform,26.0
462,462,462,-0.0,M,-2147483648,2010-04-21,J.P. Morgan,9 month,3,neutral,24.0
463,463,463,-0.0,M,-2147483648,2010-04-21,Buckingham Research Group,12 month,5,buy,27.0
464,464,464,-0.0,D,-2147483648,2010-03-11,EVA Dimensions,Not Provided,1,sell,-0.0
465,465,465,-0.0,M,-2147483648,2010-03-09,UBS,Not Provided,5,buy,29.0
466,466,466,-0.0,M,-2147483648,2010-06-18,Credit Suisse,Not Provided,5,outperform,31.0
467,467,467,-0.0,M,-2147483648,2010-06-18,Soleil Securities,12 month,5,buy,29.0
468,468,468,-0.0,M,-2147483648,2010-06-07,J.P. Morgan,9 month,3,neutral,22.0
469,469,469,-0.0,M,-2147483648,2010-05-26,Goldman Sachs,12 month,5,Buy/Neutral,24.0
470,470,470,-0.0,M,-2147483648,2010-04-22,Longbow Research,Not Provided,5,buy,28.0
471,471,471,-0.0,M,-2147483648,2010-04-22,Barclays,Not Provided,3,equalwt/positive,24.0
472,472,472,-0.0,M,-2147483648,2010-04-21,Buckingham Research Group,12 month,5,buy,27.0
473,473,473,-0.0,D,-2147483648,2010-03-11,EVA Dimensions,Not Provided,1,sell,-0.0
474,474,474,-0.0,M,-2147483648,2010-03-09,UBS,Not Provided,5,buy,29.0
475,475,475,-0.0,M,-2147483648,2010-07-28,Barclays,Not Provided,3,equalwt/positive,25.0
476,476,476,-0.0,M,-2147483648,2010-07-27,Credit Suisse,Not Provided,5,outperform,31.0
477,477,477,-0.0,M,-2147483648,2010-07-27,J.P. Morgan,18 month,3,neutral,23.0
478,478,478,-0.0,M,-2147483648,2010-07-27,Buckingham Research Group,12 month,5,buy,27.0
479,479,479,-0.0,M,-2147483648,2010-07-27,Soleil Securities,12 month,5,buy,29.0
480,480,480,-0.0,D,-2147483648,2010-07-18,Goldman Sachs,12 month,3,neutral/neutral,24.0
481,481,481,-0.0,M,-2147483648,2010-07-12,UBS,Not Provided,5,buy,34.0
482,482,482,-0.0,M,-2147483648,2010-04-22,Longbow Research,Not Provided,5,buy,28.0
483,483,483,-0.0,D,-2147483648,2010-03-11,EVA Dimensions,Not Provided,1,sell,-0.0
484,484,484,-0.0,M,-2147483648,2010-08-19,Credit Suisse,Not Provided,5,outperform,31.0
485,485,485,-0.0,M,-2147483648,2010-08-06,Barclays,Not Provided,3,equalwt/positive,23.0
486,486,486,-0.0,M,-2147483648,2010-07-27,J.P. Morgan,18 month,3,neutral,23.0
487,487,487,-0.0,M,-2147483648,2010-07-27,Buckingham Research Group,12 month,5,buy,27.0
488,488,488,-0.0,M,-2147483648,2010-07-27,Soleil Securities,12 month,5,buy,29.0
489,489,489,-0.0,D,-2147483648,2010-07-18,Goldman Sachs,12 month,3,neutral/neutral,24.0
490,490,490,-0.0,M,-2147483648,2010-07-12,UBS,Not Provided,5,buy,34.0
491,491,491,-0.0,M,-2147483648,2010-04-22,Longbow Research,Not Provided,5,buy,28.0
492,492,492,-0.0,D,-2147483648,2010-03-11,EVA Dimensions,Not Provided,1,sell,-0.0
493,493,493,-0.0,M,-2147483648,2010-09-21,Goldman Sachs,12 month,5,Buy/Neutral,24.0
494,494,494,-0.0,M,-2147483648,2010-09-19,Credit Suisse,Not Provided,5,outperform,29.0
495,495,495,-0.0,M,-2147483648,2010-08-06,Barclays,Not Provided,3,equalwt/positive,23.0
496,496,496,-0.0,M,-2147483648,2010-07-27,Buckingham Research Group,12 month,5,buy,27.0
497,497,497,-0.0,M,-2147483648,2010-07-27,Soleil Securities,12 month,5,buy,29.0
498,498,498,-0.0,M,-2147483648,2010-07-12,UBS,Not Provided,5,buy,34.0
499,499,499,-0.0,M,-2147483648,2010-04-22,Longbow Research,Not Provided,5,buy,28.0
500,500,500,-0.0,D,-2147483648,2010-03-11,EVA Dimensions,Not Provided,1,sell,-0.0
501,501,501,-0.0,M,-2147483648,2010-10-21,Credit Suisse,Not Provided,5,outperform,29.0
502,502,502,-0.0,M,-2147483648,2010-10-21,Barclays,Not Provided,3,equalwt/positive,23.0
503,503,503,-0.0,M,-2147483648,2010-10-20,Buckingham Research Group,12 month,5,buy,27.0
504,504,504,-0.0,M,-2147483648,2010-10-08,UBS,12 month,5,buy,33.0
505,505,505,-0.0,M,-2147483648,2010-09-21,Goldman Sachs,12 month,5,Buy/Neutral,24.0
506,506,506,-0.0,M,-2147483648,2010-04-22,Longbow Research,Not Provided,5,buy,28.0
507,507,507,-0.0,D,-2147483648,2010-03-11,EVA Dimensions,Not Provided,1,sell,-0.0
508,508,508,-0.0,D,-2147483648,2010-11-28,Goldman Sachs,12 month,3,neutral/neutral,24.0
509,509,509,-0.0,M,-2147483648,2010-10-21,Credit Suisse,Not Provided,5,outperform,29.0
510,510,510,-0.0,M,-2147483648,2010-10-21,Barclays,Not Provided,3,equalwt/positive,23.0
511,511,511,-0.0,M,-2147483648,2010-10-20,Buckingham Research Group,12 month,5,buy,27.0
512,512,512,-0.0,M,-2147483648,2010-10-08,UBS,12 month,5,buy,33.0
513,513,513,-0.0,M,-2147483648,2010-04-22,Longbow Research,Not Provided,5,buy,28.0
514,514,514,-0.0,D,-2147483648,2010-03-11,EVA Dimensions,Not Provided,1,sell,-0.0
515,515,515,-0.0,M,-2147483648,2010-12-14,Buckingham Research Group,12 month,5,buy,27.0
516,516,516,-0.0,D,-2147483648,2010-11-28,Goldman Sachs,12 month,3,neutral/neutral,24.0
517,517,517,-0.0,M,-2147483648,2010-10-21,Credit Suisse,Not Provided,5,outperform,29.0
518,518,518,-0.0,M,-2147483648,2010-10-21,Barclays,Not Provided,3,equalwt/positive,23.0
519,519,519,-0.0,M,-2147483648,2010-10-08,UBS,12 month,5,buy,33.0
520,520,520,-0.0,M,-2147483648,2010-04-22,Longbow Research,Not Provided,5,buy,28.0
521,521,521,-0.0,D,-2147483648,2010-03-11,EVA Dimensions,Not Provided,1,sell,-0.0
522,522,522,-0.0,M,-2147483648,2011-01-11,UBS,12 month,5,buy,32.0
523,523,523,-0.0,M,-2147483648,2011-01-09,Goldman Sachs,12 month,3,neutral/neutral,25.0
524,524,524,-0.0,M,-2147483648,2010-12-14,Buckingham Research Group,12 month,5,buy,27.0
525,525,525,-0.0,M,-2147483648,2010-10-21,Credit Suisse,Not Provided,5,outperform,29.0
526,526,526,-0.0,M,-2147483648,2010-10-21,Barclays,Not Provided,3,equalwt/positive,23.0
527,527,527,-0.0,M,-2147483648,2010-04-22,Longbow Research,Not Provided,5,buy,28.0
528,528,528,-0.0,D,-2147483648,2010-03-11,EVA Dimensions,Not Provided,1,sell,-0.0
529,529,529,-0.0,M,-2147483648,2011-02-18,Goldman Sachs,12 month,3,neutral/neutral,27.0
530,530,530,-0.0,N,-2147483648,2011-02-18,J.P. Morgan,12 month,3,neutral,28.0
531,531,531,-0.0,M,-2147483648,2011-02-17,Credit Suisse,Not Provided,5,outperform,29.0
532,532,532,-0.0,M,-2147483648,2011-02-09,UBS,12 month,5,buy,30.0
533,533,533,-0.0,M,-2147483648,2011-02-09,Longbow Research,Not Provided,5,buy,27.0
534,534,534,-0.0,M,-2147483648,2011-02-09,Barclays,Not Provided,3,equalwt/positive,23.0
535,535,535,-0.0,M,-2147483648,2011-02-08,Buckingham Research Group,12 month,5,buy,27.0
536,536,536,-0.0,D,-2147483648,2010-03-11,EVA Dimensions,Not Provided,1,sell,-0.0
537,537,537,-0.0,M,-2147483648,2011-03-12,EVA Dimensions,Not Provided,1,sell,-0.0
538,538,538,-0.0,M,-2147483648,2011-03-09,Credit Suisse,Not Provided,5,outperform,29.0
539,539,539,-0.0,M,-2147483648,2011-02-18,Goldman Sachs,12 month,3,neutral/neutral,27.0
540,540,540,-0.0,N,-2147483648,2011-02-18,J.P. Morgan,12 month,3,neutral,28.0
541,541,541,-0.0,M,-2147483648,2011-02-09,UBS,12 month,5,buy,30.0
542,542,542,-0.0,M,-2147483648,2011-02-09,Longbow Research,Not Provided,5,buy,27.0
543,543,543,-0.0,M,-2147483648,2011-02-09,Barclays,Not Provided,3,equalwt/positive,23.0
544,544,544,-0.0,M,-2147483648,2011-02-08,Buckingham Research Group,12 month,5,buy,27.0
545,545,545,-0.0,M,-2147483648,2011-04-25,Barclays,Not Provided,3,equalwt/positive,25.0
546,546,546,-0.0,M,-2147483648,2011-04-21,Goldman Sachs,12 month,3,neutral/neutral,28.0
547,547,547,-0.0,M,-2147483648,2011-04-21,UBS,12 month,5,buy,28.0
548,548,548,-0.0,M,-2147483648,2011-04-21,Longbow Research,Not Provided,5,buy,29.0
549,549,549,-0.0,M,-2147483648,2011-04-20,J.P. Morgan,9 month,3,neutral,27.0
550,550,550,-0.0,M,-2147483648,2011-04-20,Buckingham Research Group,12 month,5,buy,27.0
551,551,551,-0.0,M,-2147483648,2011-03-12,EVA Dimensions,Not Provided,1,sell,-0.0
552,552,552,-0.0,M,-2147483648,2011-04-25,Barclays,Not Provided,3,equalwt/positive,25.0
553,553,553,-0.0,M,-2147483648,2011-04-21,Goldman Sachs,12 month,3,neutral/neutral,28.0
554,554,554,-0.0,M,-2147483648,2011-04-21,UBS,12 month,5,buy,28.0
555,555,555,-0.0,M,-2147483648,2011-04-21,Longbow Research,Not Provided,5,buy,29.0
556,556,556,-0.0,M,-2147483648,2011-04-20,J.P. Morgan,9 month,3,neutral,27.0
557,557,557,-0.0,M,-2147483648,2011-04-20,Buckingham Research Group,12 month,5,buy,27.0
558,558,558,-0.0,M,-2147483648,2011-03-12,EVA Dimensions,Not Provided,1,sell,-0.0
559,559,559,-0.0,N,-2147483648,2011-06-20,Oscar Gruss & Son Inc,Not Provided,5,buy,35.0
560,560,560,-0.0,M,-2147483648,2011-06-13,Longbow Research,Not Provided,5,buy,35.0
561,561,561,-0.0,M,-2147483648,2011-06-07,UBS,Not Provided,-2147483648,restricted,-0.0
562,562,562,-0.0,M,-2147483648,2011-06-07,J.P. Morgan,9 month,3,neutral,27.0
563,563,563,-0.0,M,-2147483648,2011-06-07,Buckingham Research Group,12 month,5,buy,37.0
564,564,564,-0.0,M,-2147483648,2011-04-25,Barclays,Not Provided,3,equalwt/positive,25.0
565,565,565,-0.0,M,-2147483648,2011-03-12,EVA Dimensions,Not Provided,1,sell,-0.0
566,566,566,-0.0,M,-2147483648,2011-07-22,Barclays,Not Provided,3,equalwt/positive,24.0
567,567,567,-0.0,M,-2147483648,2011-07-21,J.P. Morgan,15 month,3,neutral,28.0
568,568,568,-0.0,M,-2147483648,2011-07-21,Buckingham Research Group,12 month,5,buy,37.0
569,569,569,-0.0,N,-2147483648,2011-06-20,Oscar Gruss & Son Inc,Not Provided,5,buy,35.0
570,570,570,-0.0,M,-2147483648,2011-06-13,Longbow Research,Not Provided,5,buy,35.0
571,571,571,-0.0,M,-2147483648,2011-06-07,UBS,Not Provided,-2147483648,restricted,-0.0
572,572,572,-0.0,M,-2147483648,2011-03-12,EVA Dimensions,Not Provided,1,sell,-0.0
573,573,573,-0.0,M,-2147483648,2011-08-23,Longbow Research,12 month,5,buy,27.0
574,574,574,-0.0,M,-2147483648,2011-08-16,J.P. Morgan,15 month,3,neutral,28.0
575,575,575,-0.0,M,-2147483648,2011-07-21,Buckingham Research Group,12 month,5,buy,37.0
576,576,576,-0.0,N,-2147483648,2011-06-20,Oscar Gruss & Son Inc,Not Provided,5,buy,35.0
577,577,577,-0.0,M,-2147483648,2011-06-07,UBS,Not Provided,-2147483648,restricted,-0.0
578,578,578,-0.0,M,-2147483648,2011-03-12,EVA Dimensions,Not Provided,1,sell,-0.0
579,579,579,-0.0,M,-2147483648,2011-09-28,J.P. Morgan,15 month,3,neutral,32.0
580,580,580,-0.0,M,-2147483648,2011-09-13,Buckingham Research Group,Not Provided,3,neutral,-0.0
581,581,581,-0.0,M,-2147483648,2011-09-08,UBS,12 month,3,neutral,32.0
582,582,582,-0.0,M,-2147483648,2011-09-08,Oscar Gruss & Son Inc,6 month,5,buy,32.0
583,583,583,-0.0,D,-2147483648,2011-09-06,Longbow Research,Not Provided,3,neutral,-0.0
584,584,584,-0.0,M,-2147483648,2011-03-12,EVA Dimensions,Not Provided,1,sell,-0.0
585,585,585,-0.0,M,-2147483648,2011-10-19,J.P. Morgan,12 month,3,neutral,32.0
586,586,586,-0.0,M,-2147483648,2011-10-19,Buckingham Research Group,Not Provided,3,neutral,-0.0
587,587,587,-0.0,M,-2147483648,2011-10-19,EVA Dimensions,Not Provided,1,sell,-0.0
588,588,588,-0.0,M,-2147483648,2011-09-08,UBS,12 month,3,neutral,32.0
589,589,589,-0.0,M,-2147483648,2011-09-08,Oscar Gruss & Son Inc,6 month,5,buy,32.0
590,590,590,-0.0,D,-2147483648,2011-09-06,Longbow Research,Not Provided,3,neutral,-0.0
591,591,591,-0.0,M,-2147483648,2011-11-18,EVA Dimensions,Not Provided,1,sell,-0.0
592,592,592,-0.0,M,-2147483648,2011-10-19,J.P. Morgan,12 month,3,neutral,32.0
593,593,593,-0.0,M,-2147483648,2011-10-19,Buckingham Research Group,Not Provided,3,neutral,-0.0
594,594,594,-0.0,M,-2147483648,2011-09-08,UBS,12 month,3,neutral,32.0
595,595,595,-0.0,M,-2147483648,2011-09-08,Oscar Gruss & Son Inc,6 month,5,buy,32.0
596,596,596,-0.0,D,-2147483648,2011-09-06,Longbow Research,Not Provided,3,neutral,-0.0
597,597,597,-0.0,M,-2147483648,2011-11-18,EVA Dimensions,Not Provided,1,sell,-0.0
598,598,598,-0.0,M,-2147483648,2011-10-19,J.P. Morgan,12 month,3,neutral,32.0
599,599,599,-0.0,M,-2147483648,2011-09-08,UBS,12 month,3,neutral,32.0
600,600,600,-0.0,M,-2147483648,2011-09-08,Oscar Gruss & Son Inc,6 month,5,buy,32.0
601,601,601,-0.0,D,-2147483648,2011-09-06,Longbow Research,Not Provided,3,neutral,-0.0
602,602,602,-0.0,M,-2147483648,2012-01-12,J.P. Morgan,9 month,3,neutral,32.0
603,603,603,-0.0,M,-2147483648,2011-11-18,EVA Dimensions,Not Provided,1,sell,-0.0
604,604,604,-0.0,M,-2147483648,2011-09-08,UBS,12 month,3,neutral,32.0
605,605,605,-0.0,M,-2147483648,2011-09-08,Oscar Gruss & Son Inc,6 month,5,buy,32.0
606,606,606,-0.0,D,-2147483648,2011-09-06,Longbow Research,Not Provided,3,neutral,-0.0
607,607,607,-0.0,M,-2147483648,2011-11-18,EVA Dimensions,Not Provided,1,sell,-0.0
608,608,608,-0.0,M,-2147483648,2011-09-08,Oscar Gruss & Son Inc,6 month,5,buy,32.0
